Dags reiknings,Product 1,Product 2,Product 3,Product 4,Product 5,Product 6,Product 7,Product 8,Product 9,Product 10,Product 11,Product 12,Product 13,Product 14,Product 15,Product 16,Product 17,Product 18,Product 19,Product 20,Product 21,Product 22,Product 23,Product 24,Product 25,Product 26,Product 27,Product 28,Product 29,Product 30,Product 31,Product 32,Product 33,Product 34,Product 35,Product 36,Product 37,Product 38,Product 39,Product 40,Product 41,Product 42,Product 43,Product 44,Product 45,Product 46,Product 47,Product 48,Product 49,Product 50,Product 51,Product 52,Product 53,Product 54,Product 55,Product 56,Product 57,Product 58,Product 59,Product 60,Product 61,Product 62,Product 63,Product 64,Product 65,Product 66,Product 67,Product 68,Product 69,Product 70,Product 71,Product 72,Product 73,Product 74,Product 75,Product 76,Product 77,Product 78,Product 79,Product 80,Product 81,Product 82,Product 83,Product 84,Product 85,Product 86,Product 87,Product 88,Product 89,Product 90,Product 91,Product 92,Product 93,Product 94
1/1/2020,0,0,0,0,0,0,0,0,0,0,0,0,0,0,0,0,0,0,0,0,0,0,0,0,0,0,0,0,0,0,0,0,0,0,0,0,0,0,0,0,0,0,0,0,0,0,0,0,0,0,0,0,0,0,0,0,0,0,0,0,0,0,0,0,0,0,0,0,0,0,0,0,0,0,0,0,0,0,0,0,0,0,0,0,0,0,0,0,0,0,0,0,0,0
2/1/2020,11,1,0,0,4,0,42,3,143,24,0,0,12,0,0,7,1,3,2,46,12,0,2,-2,40,15,8,2,2,0,18,7,9,1,10,2,10,1,3,1,34,5,9,2,2,0,0,0,16,11,45,60,0,0,0,0,0,11,3,13,3,6,0,114,35,19,8,36,8,42,14,0,0,0,0,116,41,15,5,28,3,0,4,1,0,6,14,11,0,6,1,3,1,0
2/2/2020,14,1,0,0,5,0,48,1,128,13,0,0,3,0,4,10,1,9,2,43,20,0,3,0,45,7,4,2,0,0,16,4,1,2,10,1,11,4,4,3,46,4,1,0,1,0,0,1,14,2,44,55,0,0,0,0,0,7,8,16,2,2,1,96,28,32,7,22,13,39,11,0,0,0,0,91,33,25,4,23,4,0,1,1,0,4,17,3,0,1,1,0,3,2
2/3/2020,12,1,0,0,4,0,122,0,110,9,0,0,11,0,3,3,2,4,1,63,11,0,4,-1,37,9,4,9,0,0,30,2,2,2,13,4,8,3,3,0,16,4,3,0,0,0,0,5,12,8,40,34,0,0,0,1,0,3,7,22,3,5,1,90,26,20,10,34,14,39,7,0,0,0,0,94,50,27,4,16,3,0,4,0,0,0,22,5,0,10,1,1,1,1
2/4/2020,12,1,0,0,3,0,50,5,132,10,1,0,10,0,4,8,5,8,4,57,9,0,0,-4,41,10,3,2,0,0,40,1,3,1,13,6,18,6,3,0,10,3,5,0,0,0,0,1,22,10,60,21,0,0,0,0,0,8,6,12,4,11,3,121,22,35,12,27,15,33,10,0,0,0,0,132,33,23,2,16,1,0,0,0,0,2,13,4,0,1,2,0,4,0
2/5/2020,12,1,0,0,3,0,54,3,118,21,0,0,13,0,11,11,1,13,3,70,7,0,1,0,40,19,9,1,1,0,41,2,3,0,13,2,20,7,4,0,15,6,0,0,0,0,0,2,38,3,48,20,1,0,0,0,0,16,6,11,1,12,0,99,28,41,6,35,11,53,11,0,0,0,0,109,39,23,5,19,1,0,3,0,0,1,17,11,0,2,1,15,3,3
2/6/2020,15,-2,0,0,3,0,121,4,182,17,1,0,5,0,3,7,3,9,3,60,15,0,0,7,37,8,3,3,1,0,32,0,1,2,13,1,17,2,2,1,25,5,2,1,3,0,0,2,16,3,52,36,0,0,0,0,0,6,2,16,4,1,1,136,31,28,7,14,7,61,6,0,0,0,0,99,44,18,9,9,2,0,3,0,0,8,23,5,0,7,0,2,1,2
2/7/2020,14,0,0,1,2,0,51,4,156,12,0,0,9,0,2,25,1,12,0,78,20,0,1,-2,45,4,5,0,1,0,56,3,5,0,19,1,8,1,3,0,17,3,4,0,0,0,0,1,16,4,48,38,0,0,0,0,0,12,2,14,3,6,1,148,28,36,13,45,6,49,11,0,0,0,0,139,40,33,6,20,4,0,2,0,0,5,25,5,0,8,2,1,3,0
2/8/2020,18,2,0,1,2,0,47,3,105,7,0,0,15,0,2,11,2,6,2,67,22,0,0,-2,31,4,3,0,0,0,43,9,3,2,10,3,11,3,3,3,28,5,0,0,0,0,0,0,26,1,17,29,0,0,0,0,0,11,1,14,3,8,0,82,19,22,11,39,10,36,7,0,0,0,0,82,47,20,3,15,3,0,4,0,0,7,18,3,0,7,3,0,4,0
2/9/2020,17,4,0,0,6,0,55,2,114,16,0,0,9,0,5,8,3,7,3,51,18,0,0,-2,97,10,3,0,0,0,33,1,3,5,12,1,8,6,3,2,20,5,4,0,2,0,0,4,17,1,30,31,0,0,0,0,0,3,4,14,2,4,1,97,49,35,12,30,11,35,23,0,0,0,0,76,50,14,7,17,4,0,3,0,0,2,8,6,0,6,0,1,3,0
2/10/2020,8,2,0,0,1,0,55,4,102,9,0,0,3,0,2,8,0,13,1,48,14,0,0,2,35,4,4,2,3,0,34,0,3,0,17,3,6,3,3,0,13,2,1,0,0,0,0,0,27,1,44,31,0,0,0,0,0,7,1,12,3,2,0,74,19,25,7,33,6,41,11,0,0,1,0,106,28,16,7,7,2,0,0,1,0,2,11,2,0,7,2,0,2,2
2/11/2020,11,3,0,0,2,0,58,5,123,13,0,0,14,0,2,7,0,9,2,65,14,0,1,0,45,17,4,0,0,0,26,6,5,1,5,3,6,2,2,0,21,1,2,0,0,0,0,3,26,6,51,20,0,0,0,0,0,4,2,16,5,7,3,109,24,32,8,29,6,45,8,0,0,0,0,95,48,22,16,14,2,0,4,2,0,0,13,4,0,2,0,0,1,1
2/12/2020,10,1,0,0,0,0,87,5,148,16,0,0,9,0,6,5,2,10,1,76,15,0,1,21,43,14,5,2,0,0,33,1,8,0,8,2,9,4,5,2,22,6,3,1,0,0,0,1,16,5,30,31,0,0,0,0,0,7,2,13,3,1,1,109,25,35,10,39,12,29,13,0,0,0,0,93,41,76,7,10,5,0,2,2,0,8,23,6,0,2,1,0,4,0
2/13/2020,6,-1,0,0,3,0,72,7,112,10,0,0,18,0,7,8,3,6,2,48,13,0,0,-1,37,9,4,0,0,0,20,0,0,1,7,4,11,5,3,0,23,5,1,1,0,0,0,2,14,2,31,30,0,0,0,1,0,13,5,13,5,3,0,92,20,33,7,27,3,39,15,0,0,0,1,97,42,23,4,10,3,0,1,5,0,1,9,9,0,6,1,0,3,0
2/14/2020,3,3,0,0,1,0,45,0,71,8,0,0,1,0,1,3,1,6,0,46,10,0,0,0,22,5,4,0,1,0,26,7,3,2,8,3,10,4,8,0,12,0,1,0,1,0,0,0,9,4,36,25,0,0,0,0,0,5,3,3,0,5,2,63,14,21,2,12,6,20,5,0,0,0,0,51,29,16,2,7,2,0,0,0,0,1,11,1,0,5,3,0,0,0
2/15/2020,9,2,0,0,2,0,52,3,126,13,0,0,15,0,4,7,0,2,1,87,19,0,2,0,26,14,4,1,0,0,53,2,5,0,4,4,9,2,0,1,22,4,5,0,1,0,0,0,14,6,34,60,0,0,0,0,0,1,6,19,4,9,0,94,25,19,6,18,11,45,8,0,0,0,0,80,44,15,4,11,1,0,3,1,0,1,10,9,0,4,2,0,2,2
2/16/2020,12,3,0,0,1,0,46,1,133,8,0,0,4,0,0,7,2,1,0,45,16,0,0,-5,31,6,6,1,0,0,27,2,2,2,10,0,10,5,3,0,29,5,2,0,0,0,0,0,12,6,51,42,0,0,0,0,0,6,2,21,6,6,0,116,18,29,10,23,4,39,12,0,0,0,0,105,29,25,2,15,1,0,0,1,0,0,18,3,0,3,0,1,0,0
2/17/2020,12,5,0,0,2,0,59,6,100,16,0,0,6,0,3,5,6,10,3,80,9,0,0,-1,35,8,5,0,0,0,42,1,5,1,6,5,9,2,0,0,24,8,2,0,1,0,0,2,18,7,31,32,0,0,0,0,0,10,2,8,4,3,2,79,28,27,8,26,9,30,9,0,0,0,0,85,39,25,7,9,4,0,5,1,0,1,12,1,0,1,1,0,0,2
2/18/2020,17,0,0,0,3,0,67,1,119,11,0,0,6,0,0,7,1,8,2,64,9,0,0,-1,42,6,6,0,0,0,45,1,3,0,11,3,9,5,8,2,11,9,1,0,1,0,0,3,25,4,45,30,2,0,0,0,0,5,1,9,3,5,4,106,24,42,6,35,20,40,5,0,0,0,0,108,28,22,5,12,0,0,2,3,0,4,9,5,0,2,0,0,2,0
2/19/2020,6,1,0,0,4,0,52,2,126,6,0,0,4,0,2,5,1,8,1,77,9,0,1,0,31,11,3,0,1,0,44,1,2,1,15,8,8,4,0,1,18,3,6,0,2,0,0,0,13,0,37,35,1,0,0,0,0,6,3,13,1,9,0,101,28,31,10,46,13,30,12,0,0,0,0,104,53,15,3,20,2,0,3,1,0,2,18,5,0,6,1,2,3,0
2/20/2020,11,4,0,0,3,0,67,0,115,18,0,0,4,0,5,5,2,14,2,64,10,0,0,3,38,12,7,1,1,0,42,8,4,1,12,2,7,4,4,0,9,4,5,0,0,0,0,0,19,4,62,35,0,0,0,0,0,7,3,13,2,6,3,112,40,32,6,36,14,43,20,0,0,0,0,116,64,38,9,9,1,0,1,0,0,4,22,5,0,1,2,1,4,0
2/21/2020,4,3,0,0,2,0,46,3,126,16,0,0,8,0,4,1,2,15,3,53,11,0,0,-2,48,7,6,3,0,0,33,2,3,0,4,4,6,3,1,3,16,3,3,0,3,0,0,0,21,2,32,30,0,0,0,0,0,7,7,10,2,7,2,107,24,34,12,31,10,36,15,0,0,0,0,105,42,24,3,14,3,0,0,1,0,1,14,3,0,6,0,0,2,0
2/22/2020,14,1,0,1,4,0,49,2,131,8,0,0,13,0,2,6,1,7,0,66,8,0,1,0,39,1,7,3,2,0,28,3,3,0,7,3,8,1,5,0,16,3,7,0,0,0,0,1,26,1,24,56,0,0,0,0,0,4,0,18,0,6,3,115,12,35,11,29,10,33,10,0,0,0,0,82,31,20,4,13,3,0,1,0,0,1,11,3,0,2,0,6,2,0
2/23/2020,0,1,0,0,2,0,28,1,92,10,1,0,5,0,3,2,0,4,3,37,15,0,0,-1,24,4,6,1,0,0,15,2,2,1,10,4,7,1,1,1,14,3,1,1,0,0,0,0,12,2,19,27,1,0,0,1,0,3,0,5,0,5,0,56,10,18,6,13,7,24,13,0,0,0,0,66,25,12,6,13,0,0,2,2,0,1,8,3,0,3,0,3,1,1
2/24/2020,9,0,0,0,0,0,40,3,70,19,0,0,3,0,2,4,0,8,0,51,12,0,2,0,26,9,2,1,0,0,35,0,1,0,5,2,13,0,0,2,9,1,4,2,1,0,0,0,12,1,40,22,1,0,0,0,0,10,1,12,0,4,0,69,19,24,7,27,4,24,9,0,0,0,0,78,20,17,0,18,1,0,1,0,0,1,14,3,0,1,1,0,2,0
2/25/2020,9,2,0,0,4,0,45,5,127,10,0,0,3,0,3,3,3,11,1,67,8,0,0,2,44,13,5,1,0,0,49,2,2,2,11,1,5,2,3,1,21,3,2,2,4,0,0,4,22,6,38,39,0,0,0,0,0,7,4,9,0,7,0,84,17,15,12,24,6,25,9,0,0,0,0,84,40,16,6,12,2,0,0,0,0,2,18,6,0,2,0,0,2,1
2/26/2020,9,6,0,0,0,0,57,2,134,12,0,0,4,0,0,12,0,16,2,41,4,0,0,2,42,3,2,3,0,0,30,1,5,0,7,2,13,4,4,1,18,4,4,3,0,0,0,0,18,3,59,22,0,0,0,0,0,9,3,16,2,13,1,131,22,42,9,37,13,30,14,0,0,1,0,104,38,35,11,12,0,0,0,0,0,3,14,7,0,3,0,1,6,1
2/27/2020,9,5,0,0,1,0,50,7,94,15,0,0,9,0,9,1,0,4,1,53,15,0,0,-2,29,10,6,0,0,0,40,0,2,0,10,3,7,1,0,0,16,8,4,1,1,0,0,0,16,2,37,30,0,0,0,0,0,5,5,13,1,1,0,65,25,22,5,29,14,23,13,0,0,0,1,76,41,20,4,11,3,0,0,0,0,3,18,5,0,1,1,3,7,2
2/28/2020,12,2,0,1,3,0,80,5,201,12,0,0,4,0,2,3,1,9,1,58,12,0,0,0,43,9,3,2,0,0,36,0,5,0,15,2,9,4,4,0,22,1,2,0,0,0,0,1,17,2,49,24,0,0,0,0,0,8,1,24,1,5,0,179,28,34,14,32,6,34,11,0,0,0,0,113,43,27,8,19,1,0,0,1,0,4,16,10,0,2,1,1,9,0
2/29/2020,15,1,0,0,4,0,52,3,129,14,0,0,3,0,13,5,0,12,2,75,15,0,1,2,48,5,4,0,3,0,37,0,6,4,7,5,9,2,1,1,24,2,16,4,2,0,0,0,23,3,35,58,0,0,0,0,0,7,3,14,1,5,0,157,25,28,11,26,6,43,13,0,0,0,0,131,34,23,3,13,0,0,1,1,0,3,31,1,0,9,3,1,4,2
3/1/2020,5,2,0,0,0,0,31,2,80,12,0,0,7,0,4,5,2,11,1,40,10,0,0,0,29,5,4,1,0,0,13,0,2,1,2,2,8,3,0,1,16,3,5,0,0,0,0,0,15,0,43,51,0,0,0,0,0,7,2,7,3,1,2,111,20,22,6,24,3,39,5,0,0,0,0,115,34,11,1,10,0,0,0,1,0,2,7,1,0,5,6,0,2,1
3/2/2020,5,1,0,0,2,0,72,3,134,17,0,0,5,0,7,9,0,12,3,39,9,0,1,0,25,1,3,0,1,0,11,2,4,1,6,2,12,2,6,1,17,2,3,0,2,0,0,4,21,2,46,52,0,0,0,0,0,3,2,17,2,6,1,191,25,35,8,35,10,27,7,0,0,0,0,164,27,22,2,12,2,0,2,0,0,1,15,9,0,7,0,0,3,0
3/3/2020,13,3,0,0,0,0,61,2,98,7,0,0,5,0,3,7,1,9,3,32,6,0,1,1,35,9,4,0,1,0,11,1,4,0,8,0,4,2,1,0,19,2,2,0,1,0,0,1,10,2,36,40,1,0,0,0,0,8,5,15,1,6,2,189,14,24,12,19,6,31,11,0,0,0,0,171,27,32,4,18,6,0,1,1,0,2,9,2,0,3,1,0,4,0
3/4/2020,9,2,0,0,4,0,62,3,131,14,0,0,8,0,3,2,1,13,4,35,11,0,0,6,35,4,1,0,0,0,11,0,1,0,7,2,8,1,5,0,23,3,3,0,0,0,0,0,19,4,36,19,0,0,0,0,0,10,0,8,2,3,1,231,24,34,13,26,4,34,11,0,0,0,0,203,33,35,8,13,5,0,5,0,0,5,21,3,0,8,2,0,3,1
3/5/2020,10,4,0,1,5,0,73,7,155,23,0,0,5,0,8,7,5,10,1,54,18,0,1,-3,38,15,9,0,0,0,27,4,2,0,4,2,8,1,4,1,15,6,3,1,1,0,0,1,21,1,58,59,0,0,0,1,0,21,10,18,4,9,2,212,36,40,5,27,10,33,12,0,0,0,0,181,45,22,5,8,3,0,3,4,0,3,32,6,0,7,0,3,10,0
3/6/2020,6,2,0,1,0,0,191,3,156,16,0,0,6,0,8,7,3,4,2,44,9,0,0,2,41,10,6,1,0,0,19,4,2,2,10,1,14,7,5,0,23,2,3,2,0,0,0,2,11,4,36,46,0,0,0,0,0,12,8,21,4,6,0,189,24,37,7,37,9,55,13,0,0,0,0,169,22,23,5,16,1,0,0,0,0,2,10,3,0,6,1,1,2,2
3/7/2020,12,3,0,0,5,0,69,2,163,13,0,0,8,0,4,10,0,11,0,47,19,0,1,-1,40,3,8,0,0,0,19,3,4,0,7,1,12,4,7,0,20,4,8,0,3,0,0,0,18,2,23,114,2,0,0,0,0,5,3,20,2,6,0,170,32,20,9,38,16,58,16,0,0,0,0,153,32,28,2,14,0,0,2,1,0,2,24,9,0,2,2,1,2,2
3/8/2020,16,0,0,0,4,0,45,2,134,18,0,0,1,0,5,10,1,7,2,40,16,0,1,0,54,9,5,2,1,0,21,1,4,0,5,2,4,6,3,3,27,3,9,0,0,0,0,0,14,1,28,65,1,0,0,0,0,8,6,10,3,15,0,222,15,28,11,25,9,36,7,0,0,0,0,175,29,8,7,22,2,0,2,0,0,5,22,7,0,5,1,0,5,0
3/9/2020,13,4,0,0,2,0,76,4,121,10,0,0,5,0,9,3,0,7,2,36,7,0,1,3,31,2,4,3,0,0,16,1,0,1,11,3,8,2,0,0,17,3,6,0,0,0,0,0,18,5,53,34,0,0,0,0,0,8,3,13,1,3,2,199,24,31,10,36,13,38,14,0,0,0,0,179,41,15,6,14,1,0,1,1,0,2,20,0,0,6,2,3,2,0
3/10/2020,12,3,0,0,4,0,106,1,110,12,0,0,8,0,11,5,2,8,3,27,2,0,0,11,33,12,2,1,0,0,14,0,2,1,8,1,5,2,1,0,12,3,4,0,1,0,0,3,19,1,46,36,0,0,0,1,0,11,6,15,4,6,1,201,20,24,6,26,8,36,9,0,0,0,0,206,33,26,6,17,3,0,3,1,0,0,12,3,0,5,1,1,2,1
3/11/2020,5,7,0,0,1,0,77,3,139,7,0,0,7,0,7,3,0,6,0,32,13,0,0,1,37,6,6,6,0,0,13,1,3,0,10,2,9,3,5,0,17,1,3,0,0,0,0,2,17,6,43,28,0,0,0,1,0,6,4,13,3,5,3,174,10,28,11,25,11,42,8,0,0,0,0,164,26,26,3,17,3,0,0,2,0,3,12,8,0,3,1,0,6,0
3/12/2020,8,5,0,0,0,0,73,2,104,4,0,0,11,0,4,6,2,10,1,30,16,0,1,1,37,9,4,0,2,0,15,2,3,1,7,1,7,2,2,1,29,3,2,0,1,0,0,1,14,5,39,44,0,0,0,0,0,10,1,13,1,6,1,184,12,38,10,30,5,22,1,0,0,0,0,202,20,30,3,14,4,0,1,0,0,1,18,5,0,5,0,0,3,2
3/13/2020,10,2,0,0,1,0,74,1,109,15,0,0,9,0,5,5,0,5,1,28,7,0,0,-1,23,8,3,1,0,0,12,1,1,0,8,2,1,1,4,1,9,0,4,2,2,0,0,1,10,1,38,38,1,0,0,1,0,6,2,12,2,3,1,198,17,20,6,23,11,29,11,0,0,0,0,160,24,19,4,9,0,0,2,0,0,3,7,2,0,4,0,2,1,0
3/14/2020,9,2,0,0,4,0,56,0,101,12,0,0,9,0,2,4,2,1,2,25,8,0,1,-1,25,4,5,0,0,0,10,2,4,0,8,0,4,6,2,0,8,1,4,0,0,0,0,1,14,4,28,58,0,0,0,2,0,7,1,8,4,1,0,158,12,30,3,27,6,45,3,0,0,0,0,128,23,14,4,8,0,0,3,0,0,0,10,4,0,1,1,0,2,0
3/15/2020,7,3,0,0,3,0,36,2,81,6,1,0,7,0,5,5,0,7,0,26,7,0,0,-3,20,4,3,0,0,0,8,1,3,1,3,1,12,2,4,0,12,3,3,0,1,0,0,0,16,0,29,24,0,0,0,0,0,8,2,9,0,7,3,98,12,20,2,17,5,31,6,0,0,0,0,99,17,17,1,8,2,0,0,4,0,1,4,1,0,0,0,0,7,1
3/16/2020,4,0,0,0,0,0,66,3,74,2,0,0,14,0,2,4,3,9,4,18,1,0,0,24,20,3,0,0,1,0,9,1,0,0,7,1,5,0,0,1,8,0,10,0,0,0,0,2,11,1,24,59,0,0,0,0,0,2,0,7,0,3,0,98,5,14,3,16,2,21,3,0,0,0,0,87,9,13,4,9,2,0,1,1,0,0,14,7,0,0,0,0,5,1
3/17/2020,7,2,0,0,3,0,55,0,92,10,0,0,9,0,5,2,1,7,1,19,8,0,1,0,26,5,4,1,0,0,11,0,1,0,5,0,4,3,2,4,13,6,3,1,0,0,0,0,11,2,46,23,0,0,0,0,0,6,4,9,1,4,1,186,12,25,10,17,7,33,5,0,0,0,0,145,19,23,5,10,1,0,1,2,0,6,16,3,0,1,2,1,7,1
3/18/2020,6,0,0,0,3,0,71,0,94,5,0,0,4,0,4,2,1,8,1,28,11,0,0,-3,21,3,5,2,0,0,10,1,3,0,7,0,8,1,2,0,8,2,1,0,0,0,0,4,8,4,48,31,0,0,0,0,0,6,1,5,2,1,1,167,13,35,5,29,2,26,11,0,0,0,0,143,19,8,1,12,0,0,1,1,0,2,14,2,0,3,1,1,2,0
3/19/2020,8,4,0,0,1,0,47,0,75,6,0,0,8,0,1,6,3,3,0,13,5,0,0,8,43,6,3,1,2,0,22,0,3,1,3,3,15,0,1,1,16,3,4,1,1,0,0,0,21,0,42,20,1,0,0,0,0,4,3,7,0,6,1,134,11,26,5,23,3,22,7,0,0,0,0,135,15,18,1,11,0,0,0,0,0,2,14,2,0,0,3,1,1,0
3/20/2020,7,1,0,0,1,0,50,1,91,5,0,0,1,0,1,8,2,9,0,32,3,0,0,0,35,6,1,0,0,0,9,2,3,0,8,3,8,1,0,0,5,2,1,0,0,0,0,0,8,1,38,18,0,0,0,0,0,6,2,6,1,2,0,152,11,26,5,30,10,22,6,0,0,0,0,134,13,19,6,6,3,0,0,0,0,0,14,3,0,3,0,0,1,0
3/21/2020,12,1,0,1,0,0,34,0,77,2,0,0,4,0,5,5,0,3,2,22,7,0,2,0,9,2,1,0,0,0,11,0,0,0,10,2,2,0,1,0,5,1,2,1,0,0,0,0,5,0,24,15,0,0,0,0,0,6,0,8,0,1,1,109,5,19,4,7,2,15,4,0,0,0,1,97,3,20,1,10,1,0,3,1,0,1,6,0,0,1,1,0,2,0
3/22/2020,2,0,0,0,1,0,15,1,47,1,0,0,0,0,1,4,1,0,0,9,0,0,0,-2,13,0,0,0,0,0,9,0,0,0,3,0,3,2,0,0,4,1,4,1,0,0,0,0,2,1,14,2,0,0,0,0,0,0,0,5,4,1,0,54,2,9,3,5,0,23,3,0,0,0,0,67,7,13,0,5,0,0,0,0,0,1,7,0,0,2,0,1,2,0
3/23/2020,8,0,0,0,0,0,30,1,69,1,0,0,7,0,6,11,0,9,1,20,4,0,0,0,24,5,5,0,0,0,8,0,1,0,2,0,2,0,3,2,11,0,8,0,2,0,0,2,5,0,36,5,0,0,0,0,0,4,1,6,1,9,1,97,5,38,4,24,8,34,6,0,0,0,0,96,8,10,0,6,3,0,1,0,0,0,4,2,0,3,0,0,3,0
3/24/2020,3,0,0,0,3,0,44,0,52,8,0,0,3,0,3,12,3,4,0,15,3,0,2,-3,25,5,5,0,0,0,14,2,1,0,4,0,5,0,1,0,8,0,2,0,1,0,0,2,14,0,35,9,0,0,0,0,0,1,0,5,1,5,0,116,7,37,7,27,3,26,4,0,0,1,0,109,11,15,0,9,2,0,4,0,0,0,18,5,0,4,0,0,2,0
3/25/2020,4,3,0,2,0,0,31,1,92,9,0,0,2,0,1,2,1,5,1,21,3,0,2,-1,25,4,4,1,1,0,9,1,0,0,7,3,1,1,2,1,9,2,1,0,0,0,0,1,11,1,38,9,1,0,0,0,0,1,2,7,0,6,2,124,9,19,3,13,5,21,3,0,0,0,0,111,14,15,2,2,0,0,2,0,0,6,18,1,0,5,4,0,3,0
3/26/2020,8,0,0,0,0,0,43,2,82,4,0,0,2,0,2,2,2,5,1,11,2,0,0,0,16,4,3,1,0,0,7,1,5,0,10,2,3,0,4,2,10,2,1,0,0,0,0,1,11,4,35,22,0,0,0,0,0,5,1,508,0,3,0,113,4,19,4,13,2,29,2,0,0,0,0,112,17,11,1,5,0,0,2,0,0,0,8,3,0,0,0,0,4,0
3/27/2020,14,1,0,0,4,0,34,1,75,8,0,0,4,0,0,3,0,4,1,18,2,0,2,-1,22,8,7,0,0,0,19,1,0,0,6,0,4,1,3,0,12,1,3,0,0,0,0,0,16,0,34,12,0,0,0,0,0,2,4,4,1,4,0,121,11,25,2,17,7,28,3,0,0,0,0,125,4,15,2,5,3,0,0,1,0,1,12,1,0,4,1,1,3,0
3/28/2020,10,1,0,0,0,0,44,0,59,1,0,0,4,0,3,2,0,12,0,11,4,0,0,0,19,1,1,0,0,0,3,2,4,0,5,0,2,0,1,2,2,2,4,1,0,0,0,0,7,0,22,5,0,0,0,0,0,3,0,6,3,1,0,100,4,21,4,15,3,17,2,0,0,0,0,95,17,13,0,8,0,0,1,0,0,1,8,2,0,2,1,0,0,0
3/29/2020,4,0,0,0,0,0,25,0,53,0,0,0,2,0,0,1,0,4,1,8,1,0,0,0,9,1,4,0,3,0,12,1,0,0,2,0,2,0,0,0,9,0,1,0,1,0,0,1,3,0,26,16,0,0,0,0,0,2,2,3,0,2,0,84,5,16,2,11,4,20,2,0,0,0,0,71,4,7,0,7,0,0,4,0,0,1,7,2,0,1,0,1,3,0
3/30/2020,13,1,0,0,2,0,54,3,72,3,0,0,1,0,0,6,0,4,1,19,3,0,3,-3,18,2,5,0,1,0,8,1,2,0,15,1,6,0,0,0,9,0,1,0,0,0,0,3,15,2,40,5,0,0,0,0,0,0,1,11,0,1,2,147,11,27,4,19,3,23,3,0,0,0,0,233,16,11,5,11,0,0,1,0,0,2,11,6,0,4,0,0,4,0
3/31/2020,6,0,0,0,1,0,43,0,104,13,0,0,3,0,7,3,0,10,0,15,6,0,0,-1,47,5,1,0,1,0,10,3,1,1,6,1,5,1,5,0,8,0,3,1,1,0,0,4,13,7,53,29,2,0,0,1,0,7,4,7,2,3,0,172,16,24,9,24,5,27,8,0,0,0,0,140,14,16,3,10,5,0,0,0,0,0,9,11,0,1,0,0,1,0
4/1/2020,9,0,0,1,1,0,49,0,88,3,0,0,10,0,3,7,1,17,4,13,1,0,1,0,24,4,3,0,0,0,17,2,2,0,17,0,3,0,1,0,19,0,2,0,1,0,0,1,7,1,50,16,0,0,0,0,0,7,1,4,0,3,1,94,12,18,1,35,7,38,4,0,0,0,0,106,22,21,2,11,4,0,0,0,0,0,17,3,0,1,1,0,3,0
4/2/2020,11,1,0,0,0,0,60,1,139,14,0,0,8,0,0,6,5,26,3,28,10,0,0,-3,27,2,1,0,4,0,10,1,3,1,4,2,2,1,3,0,21,3,2,0,1,0,0,0,17,0,70,38,0,0,0,0,0,8,1,6,1,5,3,94,16,45,2,39,5,40,6,0,0,0,0,82,15,21,4,11,1,0,3,1,0,3,11,0,0,4,1,0,2,1
4/3/2020,11,0,0,1,1,0,110,1,109,10,0,0,1,0,2,8,1,37,3,24,4,0,0,7,37,7,8,0,2,0,15,3,1,0,7,1,8,0,1,1,11,4,3,2,0,0,0,2,15,2,37,28,0,0,0,0,0,4,1,5,2,6,0,97,16,34,7,39,6,31,4,0,0,0,0,98,35,24,9,9,1,0,2,0,0,0,10,5,0,3,0,0,8,0
4/4/2020,4,2,0,0,2,0,24,0,60,6,0,0,2,0,1,1,0,20,2,13,3,0,1,-1,20,3,2,0,0,0,11,1,0,0,1,0,2,4,2,0,8,1,1,0,1,0,0,2,12,4,16,11,0,0,0,0,0,2,0,6,1,4,1,73,15,14,3,27,5,21,2,0,0,0,0,67,12,23,7,7,2,0,0,0,0,0,14,2,0,2,1,0,0,0
4/5/2020,1,0,0,0,0,0,23,0,46,1,0,0,4,0,3,2,0,10,0,9,0,0,2,1,12,2,5,0,0,0,3,0,1,0,4,0,6,0,3,0,8,0,3,0,1,0,0,1,3,0,18,1,0,0,0,0,0,3,1,3,3,3,1,34,3,5,2,16,0,15,1,0,0,0,0,45,9,16,0,1,0,0,0,0,0,0,8,2,0,3,0,0,1,0
4/6/2020,7,2,0,0,1,0,39,1,89,7,0,0,5,0,1,4,0,46,2,19,7,0,0,12,24,1,3,0,0,0,15,1,2,1,6,0,10,0,4,0,13,4,0,0,0,0,0,4,12,3,39,18,0,0,0,0,0,1,2,12,3,4,0,72,12,23,8,53,4,36,5,0,0,0,1,81,12,16,3,8,4,0,0,0,0,0,20,5,0,2,3,0,5,0
4/7/2020,7,1,0,1,0,0,50,2,91,13,0,0,6,0,3,6,2,71,3,13,5,0,2,-1,35,4,0,0,0,0,12,3,2,2,11,1,5,2,2,3,13,5,3,0,1,0,0,0,15,2,43,21,0,0,0,0,0,3,3,11,0,8,2,57,8,20,10,73,3,27,8,0,0,0,0,78,19,19,1,12,0,0,5,0,0,1,27,6,0,5,1,1,2,1
4/8/2020,10,1,0,0,2,0,49,0,103,7,0,0,4,0,9,5,0,42,2,24,2,0,0,-5,43,10,4,1,0,0,19,2,2,0,10,1,4,0,2,0,11,7,4,0,1,0,0,3,17,2,48,31,0,0,0,0,0,5,1,9,1,2,1,87,12,37,11,44,5,47,4,0,0,0,0,93,23,19,6,12,1,0,4,1,0,1,19,7,0,1,0,0,3,0
4/9/2020,5,4,0,0,0,0,26,0,62,2,0,0,4,0,1,10,0,24,0,16,3,0,1,4,19,0,0,0,0,0,11,0,0,0,6,0,5,0,2,1,6,1,3,2,2,0,0,3,5,0,23,17,0,0,0,1,0,4,3,3,0,3,0,63,10,18,8,30,5,24,6,0,0,0,0,53,15,11,2,4,0,0,2,0,0,3,2,2,0,2,0,1,9,0
4/11/2020,13,0,0,0,0,0,32,3,65,4,0,0,4,0,1,4,1,26,0,27,5,0,0,-1,28,3,6,0,2,0,17,6,4,0,9,1,5,1,2,0,28,1,2,2,0,5,0,1,5,0,29,6,0,0,0,0,0,7,3,13,0,1,0,121,8,18,8,28,7,43,3,0,0,0,0,59,29,13,4,7,2,0,1,0,0,1,6,6,0,2,0,0,2,0
4/13/2020,4,1,0,0,0,0,17,0,48,0,1,0,4,0,2,1,0,14,3,9,1,0,0,0,7,0,0,0,0,0,6,0,0,2,1,0,2,0,1,0,6,0,1,1,0,0,0,0,9,2,20,8,0,0,0,0,0,2,0,7,2,5,0,41,4,16,4,19,2,19,2,0,0,0,0,45,12,7,1,7,3,0,0,0,0,0,12,2,0,0,0,0,2,0
4/14/2020,6,1,0,0,4,0,35,3,123,8,0,0,1,0,8,4,0,38,0,22,2,0,0,1,43,3,2,1,0,0,26,3,2,0,8,0,11,1,2,0,15,2,0,0,0,0,0,3,22,1,49,6,0,0,0,0,0,5,1,3,1,7,1,109,18,30,2,55,4,34,6,0,0,0,0,94,19,17,3,13,2,0,1,2,0,1,15,3,0,7,0,1,2,0
4/15/2020,15,0,0,0,3,0,41,2,128,20,0,0,8,0,6,14,0,42,0,21,3,0,1,-4,61,4,2,0,0,0,17,2,1,0,12,0,8,1,7,0,23,3,0,0,1,0,0,0,21,1,95,32,0,0,0,0,0,7,7,11,0,8,3,101,14,35,12,59,8,38,10,0,0,0,0,117,25,18,1,7,3,0,1,1,0,2,18,6,0,2,3,1,6,6
4/16/2020,15,1,0,1,1,0,40,4,112,9,0,0,4,0,10,9,1,53,1,25,4,0,1,0,36,4,2,0,0,0,10,0,0,0,8,3,6,1,2,0,14,3,0,1,0,0,0,6,17,2,73,29,0,0,0,0,0,5,2,11,0,7,1,95,26,32,8,70,2,44,5,0,0,0,0,102,30,22,0,13,3,0,3,0,0,4,26,6,0,6,0,0,7,0
4/17/2020,2,0,0,0,2,0,51,1,127,7,0,0,4,0,1,8,4,37,2,18,2,0,0,-1,30,5,3,0,1,0,6,3,1,0,10,1,8,0,5,2,28,0,1,1,1,0,0,0,12,3,50,16,0,0,0,0,0,1,0,9,1,8,1,105,22,20,8,39,3,39,5,0,0,0,0,107,21,16,4,17,1,0,2,0,0,4,20,3,0,3,0,1,3,0
4/18/2020,9,0,0,0,0,0,40,4,97,7,0,0,2,0,2,9,2,30,2,15,4,0,0,0,30,3,2,0,0,0,15,1,3,0,16,4,8,0,3,0,22,4,4,1,1,0,0,1,15,0,16,30,1,0,0,0,0,1,2,13,2,5,1,76,13,23,7,41,2,31,7,0,0,1,0,91,21,24,5,13,0,0,1,0,0,2,20,4,0,9,0,1,0,3
4/19/2020,4,1,0,0,2,0,18,3,89,2,0,0,0,0,2,4,1,10,0,23,2,0,0,0,17,0,2,0,0,0,5,0,0,0,4,0,2,0,2,0,9,1,4,0,0,0,0,0,7,0,26,10,0,0,0,1,0,3,2,10,5,1,0,52,5,18,2,17,1,21,5,0,0,0,0,52,13,4,1,6,1,0,2,0,0,2,5,0,0,3,1,1,0,0
4/20/2020,12,0,0,0,2,0,45,2,162,3,1,0,13,0,0,5,2,27,0,32,2,0,0,2,54,7,6,0,0,0,20,2,7,0,14,0,1,2,4,0,33,1,3,1,0,0,0,0,16,0,74,23,0,0,0,0,0,14,0,9,2,10,1,158,24,36,4,48,3,28,3,0,0,0,0,115,17,19,2,14,1,0,1,1,0,3,14,0,0,4,0,0,2,0
4/21/2020,15,0,0,0,3,0,37,0,126,0,0,0,2,0,2,12,1,7,0,15,1,0,0,-3,47,1,4,0,0,0,21,2,0,1,18,0,11,1,4,0,24,1,0,0,0,1,0,0,29,1,75,17,0,0,0,0,0,13,1,16,0,8,2,142,11,39,0,40,2,47,0,0,0,0,0,145,22,40,1,9,0,0,4,0,0,0,26,1,0,6,0,0,4,1
4/22/2020,23,2,0,0,1,0,57,0,147,1,0,0,5,0,0,10,0,25,1,34,2,0,0,4,55,0,1,0,0,0,23,1,1,2,21,2,4,1,4,0,31,0,4,1,0,1,0,1,23,0,58,16,0,0,0,0,0,20,0,21,2,6,1,173,3,50,2,45,1,56,4,0,0,0,0,151,10,31,1,11,0,0,0,0,0,1,29,0,0,1,0,0,7,0
4/23/2020,13,0,0,0,1,0,25,1,111,1,0,0,4,0,1,8,0,13,0,17,1,0,2,0,41,2,3,0,0,0,21,2,3,2,10,1,6,0,1,0,19,5,1,1,0,2,0,2,19,0,30,10,1,0,0,0,0,3,0,19,1,4,1,112,7,24,1,36,2,38,1,0,0,0,0,89,15,20,3,9,0,0,1,1,0,2,9,2,0,3,0,0,4,0
4/24/2020,14,0,0,0,0,0,97,0,189,1,0,0,7,0,5,14,0,15,0,42,6,0,3,-5,73,4,8,0,0,0,44,1,4,0,19,0,9,0,4,0,17,0,3,1,0,1,0,1,37,0,77,4,0,0,0,0,0,13,0,31,2,6,1,202,2,48,0,52,3,56,4,0,0,0,0,152,19,31,2,16,1,0,4,1,0,4,19,1,0,2,0,0,3,1
4/25/2020,18,1,0,0,1,0,31,0,128,0,0,0,5,0,3,10,0,13,2,30,7,0,1,0,44,7,6,0,0,0,10,1,8,0,13,0,15,0,4,0,32,1,1,2,0,1,0,0,9,0,77,12,0,0,0,0,0,12,0,16,2,8,0,123,6,46,6,56,1,55,3,0,0,0,0,125,10,25,0,10,0,0,3,0,0,0,14,0,0,11,2,0,0,0
4/26/2020,8,0,0,0,2,0,23,2,134,0,0,0,11,0,3,7,1,15,1,53,9,0,2,0,30,4,6,0,1,0,20,0,3,0,20,0,12,1,0,0,34,1,1,2,0,1,0,1,16,1,44,9,0,0,0,0,0,10,0,21,0,5,0,121,3,37,2,24,2,39,1,0,0,0,0,127,5,23,1,17,0,0,0,0,0,3,22,0,0,5,1,0,1,1
4/27/2020,11,4,0,1,0,0,73,3,134,8,0,0,7,0,2,3,1,66,6,33,6,0,0,0,37,11,5,0,0,0,20,2,4,1,15,2,6,3,4,0,23,0,1,0,0,0,0,7,18,3,61,19,0,0,0,1,0,4,0,13,3,7,2,112,31,49,8,78,5,41,6,0,0,0,0,125,41,29,4,9,2,0,4,0,0,1,23,4,0,8,1,0,1,0
4/28/2020,15,2,0,0,1,0,55,4,169,12,0,0,5,0,5,10,2,60,4,34,7,0,0,0,49,2,2,1,0,0,21,3,3,1,12,0,9,4,5,0,27,9,4,0,2,0,0,2,20,4,68,17,0,0,0,0,0,5,2,17,1,3,1,124,27,40,9,77,3,46,11,0,0,0,0,105,40,28,7,17,1,0,3,1,0,3,17,6,0,4,2,3,3,0
4/29/2020,11,2,0,0,3,0,72,4,218,9,10,0,2,0,4,7,1,66,1,60,9,0,1,-1,55,11,3,0,0,0,34,2,3,0,14,2,14,1,4,1,25,5,4,0,2,0,0,2,27,3,74,20,0,0,0,0,0,5,3,14,2,13,1,155,34,49,3,82,2,45,1,0,0,0,0,171,23,28,8,18,2,0,1,1,0,1,32,7,0,3,1,2,4,2
4/30/2020,19,1,0,0,3,0,61,3,189,13,2,0,6,0,1,3,1,65,4,30,10,0,3,-1,77,15,9,0,0,0,20,4,2,0,9,1,7,1,0,1,47,4,0,1,6,0,0,2,33,0,77,31,1,0,0,1,0,11,3,11,3,15,1,147,28,44,5,83,6,43,15,0,0,0,0,141,43,26,12,27,3,0,9,2,0,3,19,12,0,6,2,1,4,2
5/1/2020,11,0,0,2,3,0,59,0,126,5,24,0,11,0,2,11,3,3,0,42,6,0,0,0,29,3,1,0,0,0,11,0,1,0,21,3,37,1,3,0,15,3,2,3,1,0,0,3,13,0,34,28,0,0,0,0,0,8,1,20,3,5,1,88,18,25,6,30,6,38,8,0,0,0,0,109,31,11,2,14,0,0,1,1,0,1,10,1,0,4,1,0,0,0
5/2/2020,7,2,0,0,2,0,54,0,114,12,22,0,8,0,8,8,3,14,1,36,7,0,3,0,33,9,6,2,0,0,12,2,2,0,6,3,33,2,5,1,33,5,5,3,0,0,0,3,15,4,18,37,1,0,0,0,0,3,0,18,3,8,2,107,23,41,9,32,13,56,18,0,0,0,0,115,28,35,4,15,5,0,3,1,0,1,13,6,0,10,0,0,0,0
5/3/2020,13,0,0,0,1,0,33,0,123,3,13,0,7,0,3,8,3,9,7,32,9,0,1,0,48,5,0,0,0,0,20,5,6,0,7,1,24,1,5,0,17,2,5,3,0,0,0,1,12,2,35,19,0,0,0,0,0,3,2,11,2,3,0,91,20,34,12,16,7,45,7,0,0,0,0,84,23,20,7,8,1,0,0,1,0,2,8,3,0,6,1,1,8,0
5/4/2020,12,0,0,0,4,0,50,4,166,24,55,0,7,0,2,6,3,13,5,29,8,0,2,-2,68,10,4,0,0,0,27,4,6,0,14,1,69,1,2,2,28,6,15,2,0,0,0,7,19,4,80,26,0,0,0,1,0,6,2,23,3,6,2,128,22,43,17,36,14,24,8,0,0,0,0,129,37,26,3,13,1,0,4,2,0,0,19,6,0,5,0,1,7,0
5/5/2020,14,1,0,2,0,0,59,2,131,9,45,0,7,0,5,8,5,10,2,25,4,0,0,-1,48,8,2,0,0,0,22,4,4,0,8,0,49,3,6,0,14,2,2,0,1,0,0,0,13,4,53,9,0,0,0,0,0,9,1,15,1,6,0,123,19,40,15,27,11,39,11,0,0,0,0,99,31,15,3,15,1,0,4,3,0,1,18,3,0,3,0,0,2,1
5/6/2020,11,5,0,1,2,0,78,0,155,11,43,0,4,0,0,7,2,15,3,42,12,0,1,0,56,4,2,0,0,0,24,6,5,2,10,0,57,5,2,1,14,0,4,2,0,0,0,0,19,0,44,17,0,0,0,0,0,5,1,25,3,5,2,131,16,44,14,35,6,40,5,0,0,0,0,138,28,22,1,14,1,0,2,0,0,3,15,5,0,5,2,0,4,0
5/7/2020,13,3,0,5,3,0,44,4,165,7,48,0,5,0,15,9,2,15,3,25,8,0,2,2,35,7,8,0,0,0,29,3,3,2,9,2,55,11,3,1,34,4,2,0,1,0,0,2,10,4,44,22,1,0,0,0,0,5,4,21,2,6,2,122,26,49,12,33,3,39,7,0,0,0,0,139,39,32,5,16,0,0,4,0,0,1,28,8,0,2,2,0,6,1
5/8/2020,13,3,0,0,1,0,43,4,144,14,40,0,9,0,1,11,1,16,1,38,11,0,2,-2,55,9,2,0,0,0,24,5,5,0,11,1,49,2,3,0,23,6,0,1,1,0,0,0,27,4,56,132,0,0,0,0,0,7,3,14,6,9,1,107,19,37,12,40,22,32,8,0,0,0,0,120,37,23,4,11,5,0,2,0,0,1,20,5,0,5,2,0,6,0
5/9/2020,11,2,0,1,4,0,59,1,124,10,45,0,8,0,3,4,0,10,1,37,8,0,1,-3,23,4,3,0,0,0,13,0,1,2,19,5,51,4,4,0,20,5,4,1,2,0,0,0,14,2,57,37,0,0,0,0,0,2,2,18,2,3,2,109,32,30,11,32,5,36,12,0,0,0,0,67,37,14,11,7,5,0,3,0,0,2,14,5,0,0,0,0,7,1
5/10/2020,14,0,0,0,2,0,37,1,98,6,30,0,4,0,4,6,1,15,1,29,8,0,1,0,42,5,3,1,0,0,11,6,4,0,4,2,44,1,0,0,21,3,1,1,0,0,0,1,17,3,52,37,0,0,0,0,0,8,1,9,2,2,1,93,15,20,5,39,8,40,11,0,0,0,0,85,27,23,3,13,0,0,0,2,0,3,15,1,0,4,1,1,2,1
5/11/2020,10,0,0,1,4,0,50,3,173,8,49,0,4,0,3,15,3,18,8,32,10,0,0,6,31,11,1,1,0,0,18,5,4,1,9,0,61,1,2,1,19,4,3,0,3,0,0,3,17,5,62,22,0,0,0,0,0,7,2,23,3,5,1,121,21,36,15,43,7,34,11,0,0,0,0,109,37,28,5,19,0,0,3,0,0,6,22,4,0,4,1,0,3,1
5/12/2020,24,0,0,0,0,0,39,1,144,11,41,0,4,0,1,4,3,17,2,29,7,0,1,-2,45,13,1,0,1,0,33,4,3,1,13,3,48,5,3,2,16,7,1,0,0,0,0,2,18,4,39,14,0,0,0,0,0,6,2,24,8,9,2,121,31,36,13,42,14,43,10,0,0,0,0,120,36,27,8,14,2,0,1,1,0,1,17,4,0,2,1,1,4,0
5/13/2020,18,1,0,0,2,0,49,4,164,9,41,0,14,0,4,7,1,15,3,24,6,0,1,-1,40,8,2,1,2,0,12,3,12,0,12,2,48,3,3,0,15,6,3,0,1,0,0,0,11,8,54,29,0,0,0,0,0,14,0,15,1,7,0,157,23,47,7,41,10,49,14,0,0,0,0,133,34,30,6,20,4,0,1,1,0,0,20,5,0,5,0,0,1,1
5/14/2020,15,3,0,2,2,0,65,3,150,9,39,0,2,0,4,9,1,18,3,61,5,0,2,4,38,6,9,0,0,0,19,2,6,2,19,5,45,2,0,0,14,2,3,0,1,0,0,2,18,6,74,25,0,0,0,0,0,6,4,14,2,5,0,102,26,46,16,44,10,68,17,0,0,0,0,114,41,28,2,18,7,0,1,1,0,2,25,3,0,3,4,0,4,0
5/15/2020,8,6,0,0,1,0,93,3,143,13,41,0,8,0,2,6,2,12,1,37,1,0,1,1,37,6,4,1,1,0,11,1,5,1,14,3,56,2,3,2,24,6,1,4,1,0,0,0,17,4,32,26,0,0,0,0,0,8,5,17,3,3,1,129,23,34,18,33,13,43,10,0,0,1,0,106,33,21,8,16,4,0,1,0,0,0,20,11,0,5,1,1,3,0
5/16/2020,12,3,0,3,2,0,40,1,119,9,28,0,7,0,2,6,0,6,3,42,7,0,1,-4,41,7,2,0,0,0,9,2,2,0,14,3,37,2,2,0,17,2,6,0,0,0,0,4,13,4,19,13,0,0,0,0,0,5,2,9,2,2,1,87,13,30,6,24,13,53,16,0,0,0,0,101,34,20,2,17,0,0,3,0,0,1,17,5,0,2,0,0,2,0
5/17/2020,13,3,0,0,1,0,28,1,118,5,16,0,5,0,5,5,2,9,0,27,9,0,1,0,28,6,1,2,0,0,13,1,1,0,14,2,26,2,5,0,19,4,3,1,0,0,0,3,11,3,30,31,0,0,0,0,0,4,5,20,0,4,2,104,8,25,6,28,10,30,11,0,0,0,0,82,21,19,4,15,2,0,0,1,0,2,19,3,0,2,0,2,7,0
5/18/2020,24,6,0,0,2,0,79,3,178,21,49,0,12,0,6,7,1,10,1,51,12,0,1,-3,73,12,3,1,1,0,18,5,3,3,18,1,64,4,4,2,36,10,5,1,0,0,0,3,33,8,72,27,0,0,0,0,0,9,4,16,8,8,1,137,30,51,9,41,10,54,10,0,0,0,0,143,39,34,7,26,4,0,1,1,0,6,22,2,0,10,2,0,1,2
5/19/2020,13,3,0,0,2,0,61,3,176,14,52,0,6,0,3,3,2,15,7,43,7,0,1,0,39,2,2,1,0,0,23,4,4,2,15,2,60,3,5,1,25,11,4,0,1,0,0,1,20,7,56,18,0,0,0,0,0,5,4,12,6,7,2,156,31,37,10,31,12,54,10,0,0,0,0,122,46,22,9,8,2,0,2,0,0,2,26,6,0,6,1,0,4,-1
5/20/2020,9,5,0,0,2,0,58,3,169,8,54,0,44,0,10,11,1,63,3,45,13,0,3,2,51,10,3,2,4,0,19,3,6,2,8,4,64,6,2,1,18,5,9,1,4,0,0,3,25,10,54,51,0,0,0,0,0,17,8,11,3,14,1,140,36,49,11,36,8,38,11,0,0,0,0,141,88,29,7,11,2,0,9,0,0,3,25,5,0,11,1,0,4,0
5/21/2020,9,2,0,0,1,0,56,1,154,5,54,0,11,0,9,10,1,10,0,46,8,0,3,0,43,7,2,1,0,0,16,2,4,0,12,0,62,6,6,0,32,5,3,0,1,0,0,0,23,2,44,44,0,0,0,0,0,8,0,17,8,4,2,116,27,37,11,40,11,54,12,0,0,0,0,107,41,24,6,11,2,0,7,0,0,1,22,7,0,21,3,0,2,0
5/22/2020,24,1,0,0,1,0,66,6,181,20,53,0,18,0,8,10,4,11,1,49,14,0,0,3,68,14,3,1,0,0,21,0,9,54,20,3,62,5,4,2,30,13,2,2,3,0,0,4,26,5,57,52,0,0,0,0,0,6,7,13,5,12,1,157,27,42,8,41,15,58,14,0,0,0,0,133,64,27,1,21,3,0,0,2,0,7,28,6,0,9,3,0,4,0
5/23/2020,14,0,0,0,6,0,57,1,137,12,43,0,18,0,14,12,2,10,1,51,21,0,1,-1,55,7,3,0,0,0,16,2,2,0,18,1,53,3,6,3,38,5,6,2,4,0,0,0,18,0,42,73,0,0,0,0,0,12,3,24,4,4,0,152,22,50,11,39,10,48,17,0,0,0,0,127,70,30,9,7,2,0,1,0,0,1,23,5,0,5,0,4,4,3
5/24/2020,10,3,0,0,1,0,40,2,115,13,19,0,10,0,2,1,2,4,4,32,20,0,0,0,36,7,7,2,0,0,8,3,1,2,16,5,25,1,1,0,23,4,2,1,1,0,0,0,7,4,49,50,0,0,0,0,0,3,3,7,0,6,0,106,23,26,10,32,9,45,9,0,0,0,0,79,32,16,4,5,0,0,2,0,0,1,31,5,0,7,1,0,4,0
5/25/2020,20,4,0,0,1,0,83,4,172,12,67,0,6,0,6,4,1,13,0,41,14,0,0,0,70,14,4,0,0,0,19,1,3,1,12,6,78,2,6,2,20,3,3,0,1,0,0,1,13,5,68,44,0,0,0,1,0,4,1,26,6,3,1,175,20,58,7,51,11,49,14,0,0,0,0,161,35,28,3,13,3,0,1,2,0,2,15,8,0,10,1,0,13,0
5/26/2020,8,5,0,0,0,0,50,1,184,12,62,0,21,0,6,11,3,19,4,43,14,0,0,0,71,12,4,1,0,0,33,1,4,2,5,2,71,4,5,0,32,7,8,2,5,0,0,3,26,4,47,40,0,0,0,0,0,12,8,14,3,10,1,173,34,45,15,47,24,54,20,0,0,0,0,138,71,29,6,23,5,0,1,1,0,1,19,4,0,2,5,1,6,3
5/27/2020,21,2,0,0,1,0,68,1,195,15,62,0,7,0,1,11,0,23,3,45,14,0,0,-2,39,8,4,1,0,0,21,2,3,4,25,3,84,5,2,3,29,4,5,2,3,0,0,1,19,6,61,24,0,0,0,0,0,12,3,19,3,5,1,164,36,49,8,35,15,40,20,0,0,0,0,149,42,25,8,18,2,0,5,0,0,1,20,11,0,8,2,0,2,2
5/28/2020,17,4,0,0,0,0,72,5,248,15,61,0,6,0,7,12,3,14,4,60,17,0,0,2,56,13,3,1,0,0,22,2,1,1,8,1,78,3,10,2,43,16,8,0,3,0,0,0,23,5,95,65,0,0,0,0,0,11,8,21,4,12,1,207,51,50,27,37,20,65,14,0,0,0,0,168,66,35,1,13,4,0,3,1,0,4,25,9,0,5,4,0,2,2
5/29/2020,19,3,0,0,2,0,59,1,206,15,76,0,11,0,8,9,5,11,0,69,19,0,0,-2,53,10,7,1,1,0,15,2,0,5,16,3,88,4,2,1,26,6,7,1,0,0,0,2,10,4,40,28,0,0,0,0,0,12,3,23,3,13,1,127,32,48,15,49,13,38,20,0,0,0,0,105,60,25,6,22,4,0,1,1,0,2,22,5,0,6,3,1,3,2
5/30/2020,10,5,0,0,0,0,49,5,200,16,36,0,11,0,4,8,3,13,0,84,23,0,2,-2,56,14,6,0,2,0,23,6,7,1,24,9,46,4,7,1,29,2,10,1,0,0,0,2,33,8,24,76,1,0,0,0,0,10,2,26,4,8,4,132,27,44,14,38,13,63,20,0,0,0,0,146,56,30,2,16,1,0,6,4,0,3,33,6,0,9,3,0,3,3
6/1/2020,16,4,0,0,0,0,44,5,194,18,2,0,11,0,5,9,1,15,6,47,16,0,1,-3,48,8,5,1,3,0,29,3,1,0,12,4,11,8,6,0,40,5,2,3,1,0,0,1,61,6,69,71,1,0,0,0,0,7,3,19,1,10,1,178,29,47,9,42,13,63,14,0,0,0,0,140,44,53,7,17,1,0,2,1,0,8,56,4,0,6,1,1,3,1
6/2/2020,21,5,0,1,0,0,71,2,165,22,0,0,17,0,3,12,3,9,3,40,15,0,0,1,55,23,7,0,1,0,17,7,3,1,10,1,11,3,7,3,23,5,10,0,1,0,0,1,136,4,64,42,0,0,0,0,0,12,6,17,3,5,3,140,29,39,10,41,17,56,19,0,0,0,0,136,58,34,11,19,1,0,5,3,0,7,83,6,0,4,3,0,4,1
6/3/2020,16,2,0,0,2,0,104,2,234,18,2,0,11,0,6,5,2,19,7,51,22,0,0,10,56,11,2,1,0,0,24,4,8,0,15,4,5,3,1,2,25,6,4,1,2,0,0,3,109,10,59,44,0,0,0,0,0,6,2,12,4,13,0,139,41,41,17,49,12,64,15,0,0,0,0,156,58,30,7,23,1,0,2,1,0,3,112,7,0,9,5,0,3,1
6/4/2020,17,2,0,0,3,0,83,7,214,20,0,0,13,0,6,16,1,9,3,53,16,0,0,0,50,9,3,1,1,0,20,3,6,1,16,4,14,4,7,3,41,9,13,1,3,0,0,3,100,10,74,47,0,0,0,0,0,6,6,26,5,3,3,227,35,60,10,44,18,65,17,0,0,0,0,169,54,35,8,29,1,0,8,0,0,2,91,7,0,7,1,0,5,1
6/5/2020,14,2,0,0,3,0,85,1,219,17,0,0,20,0,7,18,4,17,4,69,20,0,0,0,61,12,5,0,1,0,24,4,3,1,25,4,17,2,4,3,36,11,10,1,1,0,0,0,81,8,78,60,0,0,0,0,0,10,3,23,6,6,1,196,44,50,15,58,13,47,19,0,0,0,0,172,75,31,6,19,6,0,2,2,0,1,73,2,0,8,2,0,7,1
6/6/2020,13,2,0,0,1,0,87,3,227,27,1,0,21,0,8,9,2,12,1,82,14,0,1,0,58,5,5,0,0,0,17,2,8,3,30,0,17,1,11,1,31,10,2,1,3,0,0,0,74,11,44,85,0,0,0,1,0,7,5,27,3,15,1,166,34,56,10,42,18,60,12,0,0,1,0,142,33,29,4,19,2,0,1,3,0,2,68,3,0,8,3,0,4,0
6/7/2020,11,1,0,0,5,0,69,4,167,13,0,0,12,0,10,10,1,7,4,60,11,0,1,-2,41,15,5,0,2,0,24,3,4,1,19,2,14,3,1,1,25,7,3,4,3,0,0,0,66,2,55,69,1,0,0,0,0,4,2,12,3,5,3,133,33,36,13,34,9,35,11,0,0,0,0,130,41,31,3,8,1,0,8,1,0,2,43,3,0,4,2,0,7,2
6/8/2020,17,5,0,0,2,0,88,3,160,20,0,0,4,0,12,5,1,11,3,48,15,0,1,2,47,10,6,0,0,0,23,4,5,1,8,2,9,3,5,5,26,5,8,3,2,0,0,0,84,9,57,58,0,0,0,0,0,12,5,13,2,11,2,127,34,38,15,35,7,50,13,0,0,0,0,133,39,32,6,18,0,0,5,0,0,2,66,9,0,8,1,1,6,0
6/9/2020,27,2,0,0,2,0,115,6,178,22,0,0,5,0,4,12,7,25,4,35,16,0,1,-2,45,11,3,1,0,0,17,4,5,2,10,2,14,5,8,2,38,4,5,0,1,0,0,2,65,4,42,31,1,0,0,0,0,10,8,11,4,14,3,164,37,52,24,50,16,77,15,0,0,0,0,166,66,29,1,17,2,0,7,1,0,0,61,6,0,6,3,0,2,3
6/10/2020,20,3,0,0,0,0,132,2,236,35,0,0,5,0,4,13,2,6,3,91,21,0,0,0,66,11,3,0,4,0,34,2,18,2,23,2,27,3,11,3,30,6,4,1,3,0,0,2,88,13,58,128,0,0,0,0,0,12,5,44,5,7,2,186,48,63,18,68,20,75,21,0,0,0,0,184,71,29,7,25,1,0,0,0,0,5,81,6,0,8,4,0,6,0
6/11/2020,21,4,0,0,2,0,141,3,170,27,0,0,17,0,7,10,1,16,0,50,12,0,2,11,53,12,3,1,0,0,27,0,1,1,17,3,11,2,6,0,27,3,5,0,2,0,0,2,103,4,67,60,0,0,0,0,0,19,6,22,5,8,0,115,32,41,12,43,7,76,20,0,0,0,0,114,66,32,8,26,7,0,4,1,0,0,89,7,0,10,3,1,4,1
6/12/2020,16,0,0,0,6,0,123,4,188,16,1,0,12,0,3,9,1,10,2,64,12,0,2,2,73,1,7,0,0,0,25,5,3,2,5,2,12,0,1,0,24,4,12,0,0,0,0,4,79,6,64,55,2,0,0,0,0,8,0,12,2,10,0,156,37,45,8,45,14,52,22,0,0,0,0,131,62,42,9,18,1,0,2,0,0,3,77,5,0,13,2,1,1,0
6/13/2020,17,3,0,0,0,0,79,8,157,12,0,0,2,0,5,13,5,9,2,41,20,0,0,0,57,17,0,0,0,0,28,4,3,2,9,5,12,2,4,0,40,8,8,0,2,0,0,1,58,5,23,40,0,0,0,0,0,11,3,25,3,3,0,139,34,32,15,35,13,41,8,0,0,0,0,117,41,12,4,15,3,0,2,2,0,7,56,7,0,11,1,0,9,0
6/14/2020,14,1,0,0,0,0,60,1,139,16,0,0,12,0,5,4,0,8,2,46,31,0,1,0,39,4,4,1,3,0,23,3,3,0,12,3,10,3,4,1,18,4,7,5,2,0,0,3,38,6,35,46,0,0,0,0,0,6,6,18,3,7,1,120,22,39,8,34,7,53,19,0,0,1,0,94,49,16,6,5,0,0,2,1,0,0,30,10,0,5,0,1,3,0
6/15/2020,19,3,0,0,3,0,111,4,166,19,0,0,18,0,10,10,5,24,2,55,20,0,4,21,47,10,4,2,2,0,16,4,16,1,15,9,15,6,6,2,21,2,6,0,2,0,0,0,87,10,69,71,0,0,0,0,0,13,4,25,5,14,3,153,36,34,19,52,13,62,27,0,0,0,0,171,74,24,11,18,4,0,2,1,0,1,85,5,0,11,1,0,6,1
6/16/2020,10,2,0,0,2,0,81,3,180,17,0,0,14,0,12,15,4,11,6,69,7,0,0,0,50,18,5,1,1,0,18,1,0,0,14,6,14,6,6,3,21,6,9,2,1,0,0,0,74,10,50,75,0,0,0,0,0,7,5,23,1,10,4,138,29,39,21,55,24,36,6,0,0,0,0,132,64,25,3,21,4,0,1,0,0,1,67,11,0,7,3,0,9,0
6/17/2020,19,0,0,0,1,0,59,0,133,0,1,0,6,0,0,5,0,4,2,39,11,0,0,-3,35,2,0,0,0,0,19,0,1,0,12,1,12,0,7,1,43,1,8,0,1,0,0,0,25,3,16,33,0,0,0,0,0,13,1,12,1,5,0,127,18,27,9,27,1,62,9,0,0,0,0,128,33,20,6,13,1,0,6,0,0,0,20,6,0,7,0,0,2,1
6/18/2020,8,1,0,1,5,0,77,6,231,15,0,0,14,0,10,9,1,12,8,67,12,0,1,12,53,7,5,0,2,0,20,3,6,4,13,6,13,7,7,3,40,10,5,1,1,0,0,1,88,2,65,48,0,0,0,0,0,13,5,22,6,10,1,170,41,65,18,44,14,75,18,0,0,0,0,151,70,26,6,26,7,0,8,3,0,2,93,9,0,7,0,1,13,1
6/19/2020,19,3,0,0,2,0,92,3,184,23,0,0,21,0,3,9,10,16,1,48,21,0,0,-1,47,16,2,2,0,0,26,3,5,4,12,6,7,5,1,1,20,4,6,0,0,0,0,1,68,10,63,43,0,0,0,0,0,5,9,19,1,8,3,155,42,42,13,43,16,53,13,0,0,0,0,110,55,38,6,15,1,0,3,2,0,1,56,4,0,8,1,1,3,0
6/20/2020,9,4,0,2,2,0,78,1,160,13,0,0,7,0,7,3,1,15,5,48,13,0,0,0,38,5,4,0,0,0,18,3,3,3,16,0,9,2,3,1,35,6,5,0,3,0,0,2,46,4,38,69,0,0,0,0,0,13,3,7,3,15,2,105,33,36,9,24,10,49,19,0,0,0,0,118,38,19,10,13,2,0,5,3,0,0,44,3,0,12,1,0,6,1
6/21/2020,21,0,0,0,2,0,89,1,186,1,1,0,4,0,7,7,0,12,1,70,7,0,1,0,47,2,10,0,0,0,17,1,8,2,20,2,15,2,6,0,41,2,1,1,0,2,0,1,28,2,56,49,0,0,0,0,0,16,2,25,4,3,0,176,22,51,4,36,7,64,7,0,0,0,0,153,19,45,3,18,2,0,2,2,0,6,33,2,0,10,3,1,2,0
6/22/2020,10,9,0,1,1,0,73,6,174,10,0,0,9,0,6,11,2,22,6,32,23,0,2,2,57,8,1,0,2,0,29,3,7,1,11,5,16,5,4,0,30,2,4,1,0,0,0,6,67,3,49,69,0,0,0,0,0,7,5,25,1,7,2,149,33,45,13,46,16,64,18,0,0,1,0,151,50,18,7,25,3,0,4,0,0,4,65,9,0,10,0,0,1,0
6/23/2020,9,2,0,0,2,0,77,5,221,28,0,0,14,0,1,17,2,17,4,61,17,0,3,9,35,9,13,1,0,0,31,6,1,1,16,0,5,3,2,1,35,7,12,1,0,0,0,1,106,12,48,63,0,0,0,0,0,7,1,28,0,5,0,164,44,28,7,51,13,62,24,0,0,0,0,155,62,48,8,12,25,0,0,0,0,4,83,10,0,5,1,0,6,1
6/24/2020,27,6,0,0,1,0,125,2,245,35,0,0,8,0,1,7,2,15,0,88,34,0,2,-1,47,15,5,9,0,0,20,4,8,1,14,5,17,1,5,3,43,8,4,0,0,0,0,1,113,9,77,85,0,0,0,0,0,8,7,15,3,8,1,178,48,53,18,46,18,74,19,0,0,0,0,177,72,20,5,18,4,0,1,3,0,1,101,10,0,5,1,0,1,0
6/25/2020,10,1,0,0,3,0,99,5,168,18,0,0,11,0,7,8,1,14,7,57,16,0,1,8,59,6,4,3,0,0,26,1,5,2,26,2,14,5,1,4,32,8,7,2,1,0,0,0,90,6,59,90,0,0,0,0,0,13,11,28,9,13,1,152,23,61,22,47,18,73,25,0,0,0,0,161,53,33,10,17,3,0,5,1,0,7,77,3,0,18,4,0,8,2
6/26/2020,8,2,0,0,3,0,117,5,160,14,1,0,15,0,4,6,2,19,1,50,11,0,0,-2,52,7,3,0,0,0,25,2,6,1,13,3,13,6,7,0,21,2,3,1,3,0,0,0,88,5,65,56,1,0,0,0,0,10,2,38,0,6,1,133,23,51,11,56,7,42,5,0,0,0,0,132,44,24,3,16,1,0,6,2,0,2,78,5,0,5,1,0,5,0
6/27/2020,6,2,0,0,0,0,139,2,144,15,0,0,12,0,2,6,1,10,5,49,18,0,0,6,38,10,5,1,0,0,16,0,7,0,15,6,15,5,4,3,34,6,6,2,1,0,0,2,59,3,37,50,0,0,0,0,0,5,4,23,3,4,2,125,16,54,19,46,18,50,9,0,0,1,0,87,43,22,4,21,3,0,0,0,0,2,54,7,0,10,2,0,2,1
6/28/2020,14,2,0,0,2,0,54,3,119,20,0,0,8,0,6,10,3,9,0,48,22,0,3,0,25,12,1,1,2,0,21,0,6,1,14,4,16,2,1,0,20,2,5,1,1,0,0,0,44,6,37,57,0,0,0,0,0,6,1,12,2,6,4,116,43,36,20,29,19,57,20,0,0,0,0,116,66,23,6,15,2,0,1,0,0,1,42,10,0,7,1,0,2,1
6/29/2020,27,3,0,0,7,0,123,6,197,19,1,0,14,0,11,13,8,33,1,90,33,0,3,-1,81,19,5,0,1,0,23,1,15,2,27,3,11,2,1,0,42,5,11,4,1,0,0,1,109,12,79,58,0,0,0,0,0,6,6,26,6,10,0,220,38,59,19,64,21,69,16,0,0,0,0,154,85,32,8,39,7,0,7,3,0,5,113,8,0,13,2,1,4,1
6/30/2020,10,3,0,0,0,0,114,2,182,19,0,0,18,0,6,10,1,14,0,51,17,0,1,0,65,9,7,1,2,0,24,5,7,2,18,4,10,1,2,2,24,10,3,1,0,0,0,1,108,6,65,54,0,0,0,0,0,9,3,27,5,5,1,138,44,36,18,58,13,47,12,0,0,0,0,144,76,34,3,14,6,0,2,0,0,3,79,8,0,7,3,0,3,0
7/1/2020,14,2,0,0,4,0,179,7,243,16,1,0,19,0,3,70,3,17,2,68,17,0,1,-3,73,12,10,2,1,0,43,0,12,0,13,3,14,9,7,1,34,2,5,0,1,0,0,1,45,7,61,81,1,0,0,0,0,7,7,20,5,13,0,191,50,51,17,58,11,68,15,0,0,0,0,216,78,38,13,32,3,0,5,0,0,1,48,7,0,16,0,0,5,3
7/2/2020,16,4,0,0,0,0,160,5,263,26,0,0,25,0,17,79,3,9,1,87,25,0,0,-3,69,9,3,1,0,0,25,2,14,2,26,1,22,5,5,0,47,12,3,2,1,0,0,4,40,5,63,85,0,0,0,0,0,12,4,27,9,16,1,215,48,59,17,66,30,155,24,0,0,0,0,203,79,36,9,16,3,0,9,1,0,1,30,9,0,21,1,2,3,2
7/3/2020,25,3,0,0,4,0,124,4,170,28,0,0,7,0,12,51,0,10,1,77,16,0,1,0,50,3,4,0,0,0,18,4,4,0,16,2,13,2,8,3,25,5,6,0,1,0,0,2,24,12,59,66,1,0,0,0,0,4,6,22,4,10,2,139,36,48,20,38,14,72,18,0,0,0,0,144,51,30,7,17,8,0,4,6,0,2,41,4,0,9,1,0,6,1
7/4/2020,13,2,0,0,2,0,72,0,151,25,0,0,15,0,4,32,0,9,6,53,7,0,1,-2,32,7,6,2,0,0,21,2,7,3,4,2,10,3,10,3,33,9,10,4,1,0,0,1,16,4,43,45,0,0,0,1,0,9,4,14,2,4,2,133,37,30,7,50,12,56,18,0,0,0,0,106,39,25,7,11,1,0,1,0,0,5,22,6,0,8,0,0,1,2
7/5/2020,16,4,0,0,0,0,81,1,157,14,0,0,6,0,4,29,1,13,3,58,10,0,3,0,41,10,3,1,0,0,17,0,4,0,26,5,11,5,5,1,36,3,3,1,0,0,0,0,21,5,61,65,0,0,0,0,0,10,3,18,4,14,0,131,19,32,6,58,13,64,9,0,0,0,1,106,48,22,3,17,4,0,4,8,0,5,27,5,0,5,0,0,4,0
7/6/2020,22,6,0,0,1,0,112,3,239,25,0,0,17,0,8,59,6,20,0,94,21,0,2,0,72,6,8,2,0,0,18,7,8,6,26,4,18,9,2,1,46,9,12,1,2,0,0,1,40,9,72,69,0,0,0,0,0,9,7,22,5,13,3,210,59,62,14,52,11,81,22,0,0,0,0,192,77,43,4,24,6,0,8,1,0,5,44,11,0,8,0,0,3,1
7/7/2020,19,6,0,0,1,0,135,10,218,27,0,0,17,0,3,59,6,10,2,72,17,0,0,24,69,8,4,0,2,0,24,4,7,3,29,20,21,3,5,0,51,6,4,0,4,0,0,0,38,6,69,67,0,0,0,0,0,8,8,21,2,7,1,164,42,72,15,48,16,51,28,0,0,1,0,180,64,41,13,8,4,0,7,1,0,2,29,9,0,10,0,0,6,3
7/8/2020,18,5,0,0,2,0,119,7,182,15,0,0,18,0,15,47,1,15,4,65,20,0,3,0,59,9,1,0,0,0,24,4,3,1,16,4,13,3,8,2,24,4,11,2,1,0,0,0,16,6,59,58,0,0,0,0,0,16,5,12,3,6,4,136,34,46,25,51,12,37,20,0,0,0,0,132,54,33,5,19,1,0,4,0,0,4,21,8,0,8,0,0,5,1
7/9/2020,9,2,0,0,2,0,151,2,180,26,0,0,20,0,13,66,1,17,4,63,26,0,1,-3,71,10,10,2,0,0,24,7,6,1,16,4,6,1,3,3,24,6,3,0,1,0,0,1,47,1,91,122,0,0,0,0,0,13,5,26,4,7,1,179,53,39,15,58,20,51,20,0,0,0,0,174,65,31,8,24,8,0,4,1,0,11,29,10,0,11,3,1,3,0
7/10/2020,13,1,0,0,4,0,132,3,191,38,3,0,14,0,4,66,2,12,2,77,22,0,2,0,65,11,2,0,1,0,21,3,2,2,21,3,10,10,3,2,31,6,7,2,4,0,0,1,31,6,75,342,1,0,0,0,0,12,7,23,5,5,3,139,47,57,9,46,18,59,27,0,0,0,0,151,64,25,12,24,3,0,2,1,0,4,36,17,0,5,5,0,3,2
7/11/2020,8,1,0,2,2,0,117,5,154,24,0,0,11,0,7,49,2,11,8,50,19,0,0,-1,49,20,5,1,0,0,24,6,3,4,15,2,9,4,9,4,23,5,9,2,8,0,0,2,15,6,33,390,0,0,0,0,0,10,1,22,1,11,2,129,33,46,13,43,19,51,13,0,0,0,0,142,46,27,11,20,1,0,2,1,0,1,21,12,0,7,3,0,3,0
7/12/2020,16,3,0,0,2,0,102,4,172,18,0,0,19,0,4,35,2,3,0,41,22,0,0,-1,29,5,3,0,0,0,18,1,9,0,14,7,7,4,1,0,27,1,7,0,1,0,0,1,19,8,44,347,0,0,0,0,0,6,2,21,1,4,1,121,28,30,11,37,7,49,8,0,0,0,0,101,48,19,4,18,3,0,1,2,0,3,13,6,0,2,0,0,2,1
7/13/2020,21,4,0,0,6,0,153,1,209,24,0,0,12,0,5,67,4,22,2,55,11,0,3,1,67,11,7,2,0,0,14,3,9,3,16,3,12,12,3,0,39,13,8,3,1,0,0,4,23,8,66,72,2,0,0,0,0,9,9,17,3,7,5,184,43,53,11,43,13,80,19,0,0,0,0,182,65,30,8,15,1,0,10,2,0,2,31,9,0,9,2,0,1,1
7/14/2020,17,3,0,0,1,0,119,5,192,15,0,0,11,0,6,47,5,17,4,52,25,0,2,1,44,12,7,1,1,0,24,2,0,1,12,2,19,9,2,2,36,8,5,3,2,0,0,2,28,8,66,73,0,0,0,0,0,9,9,16,5,5,0,125,44,68,13,41,20,52,21,0,0,0,0,148,43,31,4,22,3,0,7,1,0,4,34,7,0,7,2,1,5,2
7/15/2020,11,5,0,1,2,0,103,4,220,29,1,0,7,0,10,47,6,16,2,70,29,0,1,3,64,15,4,0,2,0,29,3,10,4,14,2,16,3,5,0,50,1,4,1,2,0,0,1,36,8,68,85,0,6,1,0,0,15,9,27,1,6,2,162,44,44,12,44,14,65,23,0,0,0,0,172,74,32,14,21,4,0,3,1,0,2,40,11,0,6,5,0,3,1
7/16/2020,13,5,0,0,1,0,106,2,180,18,0,0,12,0,8,47,1,19,5,47,24,0,3,10,58,12,12,0,0,0,25,3,3,1,17,8,9,9,6,4,28,2,2,1,1,0,0,0,50,7,61,79,0,21,5,0,0,7,3,29,4,4,2,160,55,42,14,42,17,67,22,0,0,0,0,151,65,26,3,12,2,0,4,3,0,1,23,4,0,10,3,0,5,0
7/17/2020,18,5,0,0,4,0,81,8,171,17,0,0,15,0,2,24,3,14,5,49,13,0,1,-1,52,7,11,2,0,0,28,8,6,2,15,2,20,4,2,1,28,4,9,2,0,0,0,1,42,4,63,39,0,22,2,0,0,11,8,17,4,6,0,153,33,29,11,38,19,51,14,0,0,0,0,143,53,22,3,10,3,0,2,1,0,1,27,7,0,7,2,0,1,2
7/18/2020,7,8,0,0,1,0,70,5,147,15,0,0,9,0,2,27,3,13,1,48,25,0,1,-1,31,17,3,0,0,0,16,2,4,1,9,1,9,1,5,0,26,2,8,0,0,0,0,0,33,0,56,44,0,9,1,0,0,8,2,22,3,7,1,123,26,32,3,24,12,59,18,0,0,0,0,107,46,21,3,17,3,0,2,2,0,1,17,3,0,12,0,0,4,0
7/19/2020,6,2,0,0,0,0,76,0,150,11,0,0,10,0,2,24,6,9,4,57,17,0,1,0,43,10,1,0,0,0,14,0,4,5,12,2,8,2,6,4,28,9,3,3,3,0,0,1,22,10,47,69,0,4,2,0,0,4,9,21,5,9,1,147,15,31,8,34,17,41,5,0,0,0,0,109,27,24,3,14,2,0,2,1,0,2,23,7,0,8,3,0,4,1
7/20/2020,23,2,0,0,0,0,114,6,196,21,0,0,9,0,6,43,6,13,5,64,31,0,2,-1,68,17,4,2,0,0,26,3,4,2,15,3,12,3,7,0,33,6,5,0,1,0,0,1,45,11,57,70,1,13,4,0,0,5,6,27,4,6,3,161,30,54,14,44,14,57,10,0,0,0,1,151,72,36,10,14,2,0,2,3,0,1,21,8,0,8,1,0,5,1
7/21/2020,14,3,0,0,3,0,106,2,184,16,0,0,9,0,5,47,3,18,0,42,24,0,2,0,52,12,1,2,0,0,16,2,8,3,22,2,12,6,1,2,31,6,8,0,0,0,0,3,36,10,62,60,0,6,1,0,0,6,2,19,8,6,0,119,34,52,12,48,11,66,21,0,0,1,0,135,56,28,2,25,9,0,3,1,0,1,25,10,0,6,1,0,7,1
7/22/2020,10,1,0,0,2,0,118,10,194,26,1,0,16,0,7,31,5,19,2,94,28,0,2,-2,48,12,3,3,0,0,24,5,6,4,24,6,14,3,2,0,43,9,3,1,0,0,0,4,40,7,66,66,0,4,10,1,0,13,7,21,5,5,1,140,34,62,15,55,24,127,19,0,0,0,0,155,80,23,8,12,5,0,6,1,0,3,26,7,0,9,4,0,3,1
7/23/2020,29,3,0,0,0,0,161,6,226,43,0,0,15,0,7,63,4,15,4,91,14,0,1,-1,59,18,6,0,0,0,33,4,3,7,28,8,10,8,5,3,31,14,3,3,0,0,0,5,38,18,93,96,0,8,2,0,0,5,2,27,6,6,3,168,56,58,22,75,25,92,38,0,0,0,0,162,77,38,5,19,2,0,1,3,0,5,34,8,0,10,2,0,6,0
7/24/2020,18,3,0,0,5,0,96,2,237,29,2,0,13,0,7,41,2,19,1,95,30,0,3,-3,62,6,7,1,1,0,31,4,5,4,15,3,23,15,9,2,51,6,5,1,4,0,0,3,40,9,66,67,1,13,5,0,0,9,15,29,7,9,0,188,44,54,16,43,15,69,19,0,0,0,0,135,71,35,5,18,2,0,1,1,0,2,18,10,0,9,7,0,4,1
7/25/2020,18,1,0,0,2,0,108,3,167,44,0,0,15,0,10,29,3,10,5,97,32,0,2,0,31,8,9,3,0,0,27,5,7,1,18,3,22,8,12,4,35,9,8,2,4,0,0,3,55,8,45,69,1,17,5,0,0,8,8,15,9,5,2,147,34,41,23,39,17,55,30,0,0,2,0,129,54,18,2,19,6,0,5,0,0,2,32,12,0,10,2,0,6,0
7/26/2020,11,2,0,0,0,0,63,1,167,18,0,0,10,0,6,14,0,8,2,83,16,0,1,-1,40,6,3,0,0,0,29,2,11,1,16,4,21,6,2,0,21,7,3,0,0,0,0,3,38,3,25,65,1,8,7,0,0,8,7,21,5,5,2,157,28,45,9,51,10,68,9,0,0,0,0,120,42,16,2,10,3,0,5,2,0,3,26,7,0,7,2,0,1,1
7/27/2020,13,6,0,0,4,0,129,5,188,30,0,0,14,0,16,43,3,18,3,71,27,0,1,4,48,9,9,1,0,0,25,3,3,1,30,9,16,5,2,3,31,8,8,2,1,0,0,1,55,7,50,84,0,17,7,0,0,15,6,32,3,9,5,158,42,71,10,47,13,72,36,0,0,0,0,160,79,28,3,8,3,0,2,2,0,9,24,6,0,10,4,0,4,2
7/28/2020,10,0,0,0,0,0,140,0,153,19,2,0,11,0,3,47,3,13,3,72,17,0,4,-3,57,10,5,1,0,0,19,7,5,3,14,8,22,10,4,2,22,3,3,2,1,0,0,3,51,5,58,50,0,15,2,0,0,12,9,18,3,12,1,115,31,22,20,31,21,69,14,0,0,0,0,147,64,29,8,17,1,0,4,3,0,4,22,9,0,9,10,1,3,3
7/29/2020,14,2,0,0,1,0,184,2,201,32,0,0,10,0,4,47,3,15,3,35,19,0,2,0,76,11,18,1,0,0,2483,4,6,2,25,3,14,3,6,4,25,10,5,0,0,0,0,3,47,6,66,79,0,15,6,0,0,13,7,17,3,9,1,153,57,45,13,39,10,77,14,0,0,0,1,163,62,43,6,29,3,0,2,0,0,2,31,5,0,8,1,0,3,0
7/30/2020,10,1,0,0,2,0,222,3,167,22,0,0,9,0,5,43,2,11,0,54,10,0,1,-3,59,7,10,0,0,0,21,7,6,2,9,5,10,5,5,3,26,7,7,1,1,0,0,5,44,3,73,50,0,18,9,0,0,5,3,14,2,13,4,147,34,52,9,53,18,49,19,0,0,0,0,146,55,32,6,17,3,0,1,5,0,2,21,11,0,7,3,0,6,2
7/31/2020,14,3,0,1,5,0,145,3,168,17,0,0,4,0,6,48,1,7,2,42,9,0,0,0,61,6,7,1,0,0,22,3,5,1,19,2,11,1,6,2,27,3,6,1,2,0,0,0,70,2,55,48,0,10,2,1,0,5,8,18,2,7,1,132,38,35,8,47,10,64,13,0,0,1,0,142,53,31,5,20,0,0,1,1,0,1,37,5,0,2,0,0,4,0
9/1/2020,65,4,0,0,1,0,187,4,201,21,0,0,10,0,9,5,0,13,2,58,20,0,1,-4,42,17,3,2,3,0,18,4,7,1,16,2,12,4,6,5,48,11,4,0,1,0,0,1,44,7,73,105,0,9,6,0,0,13,3,51,4,10,4,145,38,66,19,35,15,72,11,0,0,0,0,125,70,74,8,19,6,0,3,2,0,2,35,14,0,8,4,0,3,0
9/2/2020,74,2,0,0,3,0,92,5,230,22,0,0,14,0,8,14,4,15,3,81,27,0,1,1,54,10,2,3,0,0,20,4,8,3,9,4,14,6,12,0,43,7,5,2,3,0,0,2,47,8,70,44,0,12,3,0,0,10,12,22,4,7,0,160,47,45,14,46,16,77,23,0,0,0,0,188,71,68,4,20,2,0,2,1,0,8,40,12,0,8,0,0,4,1
9/3/2020,61,2,0,0,6,0,80,7,240,10,0,0,12,0,9,6,1,19,2,48,9,0,1,0,54,5,6,3,2,0,26,4,4,0,17,5,17,2,8,1,27,6,7,0,2,0,0,2,27,7,97,30,0,19,3,0,0,8,9,32,7,12,1,220,36,46,13,46,12,73,13,0,0,0,0,197,73,64,1,18,4,0,1,1,0,7,33,7,0,9,2,0,4,2
9/4/2020,63,5,0,0,4,0,194,2,218,18,0,0,14,0,11,10,4,11,1,79,15,0,0,7,55,12,6,0,0,0,21,5,3,2,22,6,19,4,6,2,46,7,1,0,1,0,0,3,34,5,48,85,0,15,7,0,0,13,5,20,3,8,1,155,39,64,13,44,25,67,12,0,0,0,0,153,59,68,6,15,4,0,4,0,0,5,14,7,0,11,1,0,7,0
9/5/2020,43,2,0,0,3,0,94,2,205,26,0,0,9,0,3,10,1,13,3,75,46,0,1,-1,47,13,9,0,0,0,18,2,11,3,13,2,7,4,5,3,37,9,14,2,4,0,0,0,36,10,30,68,1,4,1,0,0,16,6,22,4,12,2,172,37,38,16,49,9,67,16,0,0,1,0,124,43,59,4,12,2,0,0,1,0,8,23,11,0,7,1,0,2,2
9/6/2020,38,3,0,0,2,0,40,1,149,10,0,0,3,0,9,5,2,9,1,42,15,0,0,-1,36,7,6,0,0,0,26,3,6,0,12,2,11,4,7,2,24,8,11,2,2,0,0,0,20,7,37,50,0,2,1,0,0,13,4,14,0,4,1,112,20,33,6,34,3,57,17,0,0,0,0,104,59,43,7,22,3,0,0,3,0,2,12,4,0,13,2,0,3,1
9/7/2020,55,4,0,0,2,0,265,4,212,18,0,0,6,0,12,9,2,15,8,61,18,0,0,-5,47,14,7,3,0,0,23,2,2,1,12,3,15,7,4,2,29,5,7,0,3,0,0,7,52,4,68,36,0,6,3,0,0,10,2,17,5,25.9,1,155,27,40,12,55,14,56,14,0,0,0,0,144,57,57,3,15,3,0,1,2,0,4,26,7,0,5,0,0,3,1
9/8/2020,54,2,0,0,1,0,102,1,149,15,0,0,15,0,7,11,5,10,1,52,11,0,1,5,61,13,5,0,0,0,19,5,2,0,15,0,9,1,2,0,19,12,7,1,2,0,0,1,55,3,63,35,0,8,1,1,0,11,5,17,1,5,0,148,33,40,11,42,8,44,11,0,0,0,0,152,43,82,7,22,2,0,1,3,0,3,23,7,0,4,1,0,4,0
9/9/2020,64,4,0,0,1,0,81,6,202,17,0,0,8,0,11,4,3,20,2,62,17,0,1,3,44,17,1,1,0,0,13,2,2,0,20,2,12,3,2,2,22,4,9,1,0,0,0,4,38,6,57,40,0,9,2,0,0,8,4,21,2,14,0,141,34,27,11,56,9,53,6,0,0,0,0,137,50,57,2,21,3,0,0,1,0,6,19,6,0,6,1,0,2,0
9/10/2020,63,3,0,0,3,0,188,7,219,13,0,0,15,0,8,17,3,13,4,80,22,0,1,0,67,15,10,3,0,0,38,3,6,2,21,5,10,1,15,0,38,7,11,1,1,0,0,4,39,5,85,34,0,10,1,0,0,16,6,26,6,9,2,160,28,59,14,59,7,76,14,0,0,0,0,165,62,79,1,24,4,0,0,1,0,2,21,8,0,6,0,0,4,0
9/11/2020,67,3,0,0,1,0,74,4,211,24,1,0,13,0,17,11,1,27,3,55,19,0,0,0,47,5,6,0,2,0,29,0,1,3,12,3,17,3,4,3,26,8,7,0,2,0,0,7,40,3,66,38,0,20,0,0,0,8,9,23,3,3,3,141,39,53,12,48,12,58,17,0,0,0,0,178,57,61,6,10,1,0,1,3,0,2,22,8,0,8,1,0,1,0
9/12/2020,43,1,0,0,7,0,61,7,194,23,0,0,10,0,8,7,1,7,5,64,25,0,3,0,53,12,4,0,1,0,26,6,5,0,10,2,14,4,5,1,33,9,6,2,4,0,0,1,41,2,58,35,0,15,6,0,0,8,10,21,1,10,2,152,30,47,15,43,18,71,22,0,0,1,0,97,60,54,6,11,2,0,1,1,0,2,23,1,0,16,1,0,9,1
9/13/2020,36,1,0,0,1,0,68,0,157,10,0,0,6,0,8,10,0,16,2,66,20,0,2,-3,50,4,3,1,0,0,18,5,3,6,10,4,6,0,6,2,25,3,3,0,0,0,0,4,23,2,54,63,0,7,0,0,0,12,2,22,1,8,1,116,25,28,10,38,9,57,10,0,0,0,0,126,45,47,6,33,0,0,2,0,0,1,25,9,0,14,0,0,7,2
9/14/2020,59,4,0,0,2,0,60,4,164,18,0,0,9,0,13,8,0,16,3,50,26,0,4,0,36,10,6,5,0,0,18,0,9,2,14,7,11,2,7,3,37,4,8,2,0,0,0,2,23,4,75,36,0,12,0,0,0,7,6,22,4,8,0,149,28,47,13,42,9,58,8,0,0,0,0,155,51,59,3,17,2,0,1,1,0,2,28,12,0,8,2,0,5,0
9/15/2020,74,5,0,0,4,0,75,1,148,17,0,0,11,0,3,10,1,12,4,51,10,0,2,1,64,21,5,0,0,0,29,3,8,0,21,3,11,0,5,2,32,3,7,0,0,0,0,2,26,9,48,31,0,13,0,0,0,9,7,22,2,4,1,112,32,72,9,44,9,62,12,0,0,0,0,123,56,94,2,19,4,0,0,1,0,3,20,8,0,4,0,0,6,0
9/16/2020,63,3,0,0,1,0,121,2,162,13,1,0,12,0,9,8,2,15,0,48,15,0,1,-2,53,10,4,3,0,0,15,2,4,0,7,4,11,2,1,0,23,6,5,0,0,0,0,1,40,3,70,80,0,14,0,0,0,8,4,15,2,1,1,152,19,54,18,32,16,41,13,0,0,0,0,133,53,77,5,65,2,0,1,5,0,7,23,7,0,9,1,0,2,0
9/17/2020,66,6,0,0,3,0,69,3,209,20,0,0,4,0,6,6,4,20,4,81,14,0,0,-1,67,8,12,0,1,0,25,4,4,0,12,1,6,0,5,0,26,7,9,2,4,0,0,1,38,13,98,44,0,14,6,0,0,10,5,22,4,5,0,148,39,44,7,41,12,69,16,0,0,0,0,196,48,79,4,33,8,0,0,6,0,2,18,9,0,6,1,0,3,1
9/18/2020,52,10,0,0,0,0,62,4,200,11,0,0,8,0,2,7,1,12,0,81,20,0,2,5,31,10,10,0,1,0,28,2,2,1,18,5,11,5,5,1,18,3,5,0,0,0,0,1,43,7,67,45,0,10,7,1,0,9,6,14,3,3,2,129,38,51,18,31,8,47,17,0,0,0,0,147,49,57,3,15,2,0,4,0,0,3,22,6,0,7,1,0,3,2
9/19/2020,33,0,0,0,2,0,61,6,149,15,0,0,5,0,3,11,0,19,4,54,25,0,0,0,40,9,9,2,1,0,22,2,8,4,12,3,10,3,3,0,40,3,6,0,3,0,0,2,24,0,62,34,0,6,0,0,0,5,3,14,2,8,0,100,21,40,11,34,8,58,16,0,0,0,0,102,26,48,2,19,4,0,4,4,0,4,13,7,0,4,0,0,4,0
9/20/2020,21,1,0,0,1,0,34,1,110,10,0,0,1,0,4,10,2,8,1,40,8,0,0,-1,35,2,10,0,2,0,7,0,1,0,10,7,6,5,6,5,22,3,7,0,1,0,0,0,20,1,39,57,0,5,1,0,0,6,2,16,2,5,1,93,16,23,17,40,5,34,6,0,0,0,0,66,24,37,2,24,2,0,0,0,0,3,11,4,0,2,1,0,4,1
9/21/2020,53,0,0,0,4,0,110,2,146,16,0,0,2,0,4,6,3,10,3,58,14,0,2,-1,39,6,7,0,2,0,9,0,7,0,17,1,14,3,3,0,29,8,7,0,2,0,0,0,38,5,62,90,0,10,3,0,0,3,6,14,3,5,1,105,35,40,12,29,5,58,11,0,0,0,0,136,50,70,11,9,4,0,2,0,0,6,16,8,0,7,1,0,2,0
9/22/2020,57,2,0,0,1,0,146,2,170,14,0,0,4,0,7,12,1,10,1,71,16,0,2,-2,50,5,6,2,1,0,25,1,6,2,13,5,14,4,1,0,27,4,2,2,4,0,0,0,38,1,74,150,0,11,5,0,0,13,8,24,5,4,2,120,26,44,5,31,9,55,8,0,0,0,0,121,37,74,2,14,3,0,1,0,0,2,17,7,0,14,0,0,5,0
9/23/2020,42,5,0,0,0,0,61,6,226,15,0,0,3,0,5,5,0,14,3,84,16,0,1,-1,52,10,5,1,0,0,25,3,11,1,9,2,15,8,12,2,35,5,7,3,0,0,0,4,48,4,84,37,0,16,2,0,0,7,3,23,1,2,0,156,32,55,11,50,8,68,14,0,0,0,0,172,51,54,7,15,3,0,1,2,0,3,23,3,0,11,1,0,5,1
9/24/2020,68,8,0,0,2,0,87,3,184,12,0,0,6,0,8,7,3,19,5,45,13,0,0,-1,60,13,9,0,0,0,33,2,2,0,13,1,7,1,6,0,42,4,5,0,0,0,0,3,37,7,94,66,0,11,1,0,0,14,6,25,2,12,1,132,29,53,13,33,13,52,9,0,0,0,0,147,142,67,7,13,0,0,0,3,0,2,28,9,0,9,0,0,3,0
9/25/2020,47,5,0,0,2,0,208,9,182,8,0,0,4,0,8,7,3,15,2,43,12,0,0,0,51,5,5,0,0,0,22,5,2,0,17,2,9,2,3,0,33,3,7,3,0,0,0,1,29,4,89,30,0,4,2,0,0,6,2,19,1,4,1,129,36,45,14,39,9,54,12,0,0,0,0,138,45,58,3,32,4,0,3,0,0,7,33,9,0,10,0,0,1,0
9/26/2020,33,2,0,0,2,0,65,2,151,15,0,0,4,0,4,10,1,6,3,59,20,0,2,-5,52,9,5,1,1,0,11,1,7,1,13,5,14,2,10,6,22,8,4,1,2,0,0,1,34,1,59,37,0,7,0,1,0,15,6,13,5,6,2,111,17,48,10,49,9,55,12,0,0,0,0,126,33,30,2,14,0,0,0,1,0,6,17,10,0,10,1,0,2,0
9/27/2020,22,3,0,0,3,0,54,2,118,19,0,0,16,0,9,13,2,8,5,51,9,0,0,0,35,7,7,1,0,0,22,1,8,1,14,5,12,2,2,1,20,2,3,3,0,0,0,1,25,3,50,41,0,5,0,0,0,13,6,8,3,7,4,100,27,32,5,29,5,42,11,0,0,0,0,95,42,41,7,2,3,0,1,1,0,3,13,1,0,10,2,0,5,0
9/28/2020,47,1,0,0,2,0,78,2,190,13,1,0,5,0,4,8,3,13,0,48,19,0,1,4,44,16,5,3,0,0,24,2,3,0,17,3,11,5,8,0,27,3,4,1,0,0,0,2,29,7,72,40,0,4,3,0,0,8,6,18,2,8,0,135,30,36,8,40,9,38,7,0,0,0,0,129,57,56,5,12,8,0,0,0,0,4,24,11,0,6,3,0,5,0
9/29/2020,53,1,0,0,2,0,67,4,157,14,0,0,7,0,12,4,3,13,3,49,18,0,2,-1,56,4,8,2,2,0,15,5,3,0,16,2,12,5,6,1,27,4,4,0,1,0,0,3,40,6,68,21,1,8,1,0,0,8,6,30,6,6,1,117,31,36,11,30,9,34,9,0,0,0,0,134,38,65,5,18,4,0,1,1,0,4,19,6,0,6,1,0,1,2
9/30/2020,58,4,0,0,0,0,106,4,225,17,0,0,3,0,9,13,1,23,1,60,8,0,0,-3,75,11,8,1,1,0,19,0,2,0,15,7,9,1,1,0,33,4,5,1,0,0,0,3,38,5,115,41,0,7,7,0,0,13,7,21,2,9,0,161,25,48,12,48,8,61,4,0,0,0,0,157,36,59,6,21,2,0,0,0,0,1,30,2,0,3,1,0,3,0
10/1/2020,19,3,0,0,2,0,119,6,222,13,0,0,2,0,12,6,3,16,9,115,18,0,0,9,66,12,13,0,0,0,24,4,7,0,18,5,12,3,5,2,34,6,1,0,3,0,0,3,41,7,101,63,0,7,5,0,0,18,10,16,8,8,4,184,37,63,10,50,10,62,11,0,0,0,0,160,40,46,12,22,3,0,2,2,0,1,23,5,0,8,2,0,5,0
10/2/2020,23,3,0,0,0,0,141,4,240,11,0,0,0,0,12,15,2,19,3,107,17,0,2,0,60,17,10,0,0,0,42,3,2,0,19,5,13,4,2,3,33,8,4,1,2,0,0,1,44,3,104,86,0,8,0,0,0,9,7,17,6,7,0,148,20,56,16,52,8,82,7,0,0,0,0,156,50,37,6,11,1,0,0,0,0,0,32,2,0,6,1,0,8,1
10/3/2020,23,1,0,0,2,0,77,3,183,19,0,0,8,0,11,7,0,18,2,107,22,0,2,0,50,7,8,0,0,0,17,3,4,2,17,1,17,1,10,0,27,5,7,3,1,0,0,0,38,6,46,64,0,4,0,1,0,10,1,15,6,8,1,108,31,37,11,35,10,70,19,0,0,0,0,152,32,25,5,14,0,0,0,1,0,1,24,10,0,4,0,0,1,1
10/4/2020,13,2,0,0,1,0,59,5,115,12,0,0,0,0,6,3,2,16,1,51,11,0,0,0,29,4,4,0,1,0,18,4,5,1,9,1,3,3,7,2,15,2,2,0,2,0,0,2,23,2,37,40,0,2,2,0,0,8,1,21,4,7,1,101,22,44,9,34,8,43,15,0,0,0,0,101,38,18,1,9,0,0,0,0,0,2,18,5,0,2,3,0,5,2
10/5/2020,24,0,0,0,0,0,126,1,177,16,1,0,5,0,10,19,2,11,2,95,22,0,0,0,54,10,12,0,0,0,17,2,4,1,16,5,22,2,4,0,34,5,4,1,0,0,0,4,28,3,110,103,0,6,2,0,0,3,5,27,2,9,1,114,30,49,11,35,6,59,8,0,0,0,0,174,56,44,11,48,7,0,0,0,0,2,27,8,0,7,1,0,2,0
10/6/2020,15,1,0,0,4,0,112,8,126,10,0,0,5,0,6,11,4,12,3,74,9,0,1,9,51,6,8,1,0,0,13,1,6,3,7,1,5,1,1,1,18,3,4,2,0,0,0,1,38,2,65,9,0,2,5,0,0,7,1,14,1,6,2,101,16,43,8,35,12,44,8,0,0,0,0,127,40,29,5,10,1,0,2,2,0,1,22,3,0,7,1,0,1,0
10/7/2020,8,5,0,0,4,0,77,0,125,6,0,0,4,0,1,4,3,9,2,65,7,0,1,-2,33,3,3,0,0,0,20,2,4,0,15,2,7,0,10,1,26,3,1,0,0,0,0,0,38,5,62,42,0,7,0,0,0,12,1,17,4,4,0,109,9,49,7,24,12,48,12,0,0,0,0,146,32,28,5,14,4,0,2,0,0,0,13,2,0,8,0,0,6,0
10/8/2020,11,2,0,0,2,0,144,3,99,6,0,0,0,0,5,9,1,9,6,106,14,0,0,3,32,5,3,0,1,0,23,3,4,1,10,7,7,5,2,1,20,1,0,1,0,0,0,8,21,3,81,21,0,2,1,0,0,5,7,10,2,4,1,94,17,39,15,34,8,27,7,0,0,0,0,94,25,28,4,9,0,0,0,0,0,7,16,5,0,6,0,0,2,1
10/9/2020,14,0,0,0,2,0,87,2,133,3,0,0,8,0,9,9,0,13,2,76,4,0,0,-2,50,9,5,0,3,0,15,1,5,0,10,0,6,4,6,0,23,1,6,0,1,0,0,1,29,1,86,50,0,7,3,0,0,7,7,13,0,8,2,102,23,25,10,32,6,39,11,0,0,0,0,132,35,36,3,16,1,0,1,0,0,7,29,7,0,3,0,0,5,0
10/10/2020,10,3,0,0,1,0,66,1,100,14,0,0,4,0,5,2,2,9,4,54,11,0,1,-1,30,4,0,1,0,0,13,5,3,0,13,0,11,2,5,0,21,4,6,0,4,0,0,4,30,2,52,13,0,3,0,0,0,8,2,14,7,1,0,89,18,34,9,28,7,42,5,0,0,0,0,97,25,16,4,19,1,0,1,0,0,1,16,6,0,5,0,0,3,1
10/11/2020,5,2,0,0,1,0,38,2,66,5,0,0,1,0,2,15,3,5,1,30,3,0,0,0,27,6,1,0,0,0,11.972,0,1,0,8,2,3,1,5,1,23,3,1,1,0,0,0,3,13,1,56,8,0,0,1,0,0,16,1,11,2,2,0,79,8,18,6,39,48,33,8,0,0,0,0,77,13,23,26,14,2,0,0,0,0,2,59,2,0,1,1,0,1,0
10/12/2020,11,1,0,0,4,0,84,1,125,12,0,0,6,0,3,14,2,3,0,72,4,0,1,3,43,8,9,0,3,0,20,2,3,0,15,0,15,0,2,0,21,5,4,1,0,0,0,4,25,3,73,30,0,0,1,0,0,6,1,13,0,3,3,82,18,36,7,33,12,32,8,0,0,0,0,105,36,25,3,14,2,0,0,1,0,1,15,5,0,4,0,0,2,0
10/13/2020,13,2,0,0,1,0,70,7,150,9,0,0,0,0,5,6,2,25,1,59,2,0,0,-2,36,2,2,1,0,0,16,0,0,0,2,1,4,1,5,2,16,7,4,1,4,0,0,3,24,0,74,14,1,4,3,0,0,5,4,18,2,4,0,103,25,31,3,21,5,43,6,0,0,0,0,100,27,23,4,12,1,0,0,1,0,3,23,8,0,4,1,0,1,0
10/14/2020,9,0,0,0,2,0,271,1,105,9,0,0,6,0,3,10,0,14,2,67,8,0,2,1,25,6,7,2,0,0,12,1,3,1,12,0,8,1,3,0,12,4,4,0,0,0,0,3,21,3,78,20,0,1,0,0,0,8,2,7,1,10,0,105,11,31,1,19,3,37,3,0,0,0,0,105,20,20,4,10,0,0,2,0,0,2,19,3,0,3,3,0,2,0
10/15/2020,11,1,0,0,1,0,71,3,126,10,0,0,4,0,8,14,0,12,3,63,10,0,1,0,43,7,2,1,2,0,21,0,3,0,16,1,9,1,7,0,22,0,2,1,0,0,0,2,24,4,76,11,0,5,1,0,0,5,4,17,4,6,1,100,19,36,5,26,6,35,3,0,0,0,0,134,30,29,3,15,2,0,2,0,0,1,15,2,0,2,0,0,2,0
10/16/2020,17,2,0,0,2,0,75,1,119,9,0,0,2,0,10,12,2,9,3,71,8,0,0,5,39,7,2,0,0,0,16,4,4,1,8,0,7,0,3,1,26,5,5,0,1,0,0,5,20,9,71,47,0,8,2,0,0,9,7,10,2,2,1,103,13,40,16,23,4,48,6,0,0,0,0,105,31,26,12,19,3,0,1,0,0,5,15,2,0,3,0,0,3,1
10/17/2020,3,1,0,0,2,0,59,3,79,6,0,0,1,0,2,4,2,5,1,48,7,0,0,-4,31,7,1,0,0,0,17,4,2,0,16,1,4,0,6,0,23,6,5,2,1,0,0,6,12,5,44,14,0,1,2,0,0,2,4,7,0,10,2,92,14,27,5,28,5,29,11,0,0,0,0,70,24,22,7,6,1,0,0,3,0,3,13,4,0,4,1,0,1,1
10/18/2020,6,1,0,0,3,0,36,0,75,8,0,0,1,0,3,2,0,5,1,36,5,0,2,0,20,1,4,0,0,0,19,1,3,1,12,1,9,0,3,2,13,3,7,0,0,0,0,1,13,2,39,15,0,2,0,0,0,5,2,5,1,2,1,42,13,19,2,24,2,35,6,0,0,0,0,69,20,21,2,8,0,0,0,0,0,1,9,1,0,3,0,0,7,1
10/19/2020,18,1,0,0,2,0,49,1,172,2,1,0,4,0,5,16,0,14,0,55,4,0,1,3,51,5,4,0,0,0,30,1,4,0,11,0,8,0,4,0,37,1,1,1,0,3,0,5,39,2,123,4,0,12,1,0,0,23,7,21,0,13,0,150,5,51,1,55,1,72,5,0,0,0,0,157,15,36,1,11,1,0,0,1,0,0,22,5,0,8,0,0,9,0
10/20/2020,15,0,0,0,2,0,56,0,152,0,0,0,0,0,6,11,1,26,0,59,2,0,0,0,55,7,7,0,0,0,23,2,7,0,15,2,5,1,8,0,27,1,3,6,0,4,0,0,53,1,91,6,0,6,1,0,0,16,3,21,1,7,0,167,9,53,4,54,0,45,1,0,0,0,0,152,6,30,1,18,0,0,2,1,0,0,23,0,0,15,1,0,5,0
10/21/2020,31,1,0,0,1,0,66,1,155,3,0,0,3,0,2,12,0,17,0,51,3,0,0,0,47,4,8,0,0,0,22,0,5,1,24,1,7,1,6,0,29,1,5,5,0,1,0,0,29,1,95,8,0,7,0,1,0,18,4,29,0,5,1,139,13,65,2,42,1,60,3,0,0,0,0,155,22,44,2,11,0,0,4,1,0,0,34,1,0,6,0,0,3,0
10/22/2020,18,2,0,0,1,0,43,0,168,1,0,0,1,0,1,9,1,18,1,50,3,0,0,7,44,1,11,0,1,0,14,2,8,0,18,1,9,0,9,0,37,1,2,2,0,2,0,3,31,0,128,11,0,11,0,0,0,20,3,34,1,13,0,169,6,60,3,48,3,71,6,0,0,0,0,179,10,41,0,25,2,0,2,3,0,0,21,5,0,4,1,0,2,0
10/23/2020,42,0,0,0,1,0,81,0,213,5,0,0,3,0,1,9,1,19,1,56,5,0,0,2,47,0,10,0,1,0,31,0,6,0,25,1,5,0,8,0,32,2,1,0,1,3,0,1,36,2,100,18,0,9,0,0,0,26,0,22,2,12,0,415,7,154,2,97,4,55,1,0,0,0,0,172,9,39,0,83,2,0,5,0,0,0,19,0,0,11,1,0,10,0
10/24/2020,14,2,0,0,2,0,22,2,139,3,0,0,3,0,2,10,0,14,2,42,0,0,0,0,36,2,4,0,0,0,14,1,4,1,9,2,6,3,5,1,26,1,4,1,0,3,0,2,18,2,82,22,0,5,0,0,0,9,1,25,0,5,0,101,6,31,2,42,2,52,7,0,0,0,0,85,11,16,3,15,1,0,1,0,0,0,27,2,0,7,1,0,1,0
10/25/2020,15,0,0,0,2,0,28,1,103,0,0,0,3,0,3,5,0,11,2,44,5,0,2,0,33,1,0,0,0,0,14,1,3,1,11,1,6,0,5,0,26,0,0,0,0,0,0,8,24,3,68,11,0,4,1,0,0,10,1,17,0,3,0,109,3,27,2,35,1,35,4,0,0,0,0,116,8,21,0,12,1,0,2,0,0,0,11,1,0,4,1,0,6,0
10/26/2020,9,0,0,0,0,0,60,3,123,17,0,0,5,0,2,9,3,11,1,42,8,0,0,-1,42,7,2,0,0,0,23,1,3,0,15,1,8,0,5,0,25,6,4,0,0,0,0,2,13,5,86,23,0,8,0,0,0,5,6,21,1,2,0,108,22,35,11,37,8,44,13,0,0,1,0,108,32,46,5,23,5,0,2,0,0,0,19,4,0,4,0,0,2,0
10/27/2020,15,1,0,0,0,0,66,0,125,7,0,0,4,0,1,12,0,14,1,53,15,0,0,0,45,3,2,0,0,0,10,2,1,0,11,1,2,2,5,4,15,2,1,1,1,0,0,1,29,5,90,58,0,3,1,0,0,11,3,19,1,6,1,87,15,37,10,29,5,45,8,0,0,0,0,116,27,28,5,14,2,0,0,0,0,0,12,10,0,1,0,0,2,0
10/28/2020,13,1,0,0,1,0,100,2,110,16,0,0,10,0,0,11,2,14,4,66,7,0,0,18,41,9,8,0,1,0,21,3,3,0,13,2,9,1,0,0,21,2,7,0,0,0,0,0,22,4,82,22,0,5,1,0,0,3,7,10,3,5,0,85,14,32,7,34,11,43,9,0,0,0,0,173,28,29,6,11,2,0,5,1,0,0,16,6,0,3,0,0,11,3
10/29/2020,8,0,0,0,1,0,72,5,130,13,0,0,2,0,4,8,1,18,1,68,4,0,1,39,40,3,4,1,0,0,18,2,2,2,17,1,1,1,3,1,17,0,1,1,1,0,0,5,28,5,81,14,0,3,0,1,0,4,2,17,3,9,1,80,14,43,9,28,7,52,9,0,0,0,0,118,19,37,5,11,2,0,3,0,0,0,20,6,0,2,0,0,0,0
10/30/2020,11,4,0,0,4,0,79,5,121,11,0,0,3,0,3,16,4,7,2,57,3,0,3,5,46,7,2,0,0,0,21,0,4,0,11,3,2,2,5,2,24,3,6,1,0,0,0,1,28,4,83,9,0,11,0,0,0,7,2,19,3,13,0,114,15,36,14,31,10,36,8,0,0,0,0,97,24,24,10,29,8,0,0,1,0,0,14,2,0,5,0,0,2,0
10/31/2020,13,5,0,0,0,0,48,1,99,11,0,0,9,0,5,7,3,10,0,41,3,0,0,-4,30,5,4,0,0,0,16,2,3,0,14,3,5,3,8,1,25,4,5,0,0,0,0,3,12,3,55,16,0,4,2,0,0,3,4,17,0,7,1,92,11,28,11,25,7,47,7,0,0,0,0,95,19,33,2,14,2,0,1,0,0,0,28,8,0,11,3,0,2,0
11/1/2020,6,0,0,0,1,0,32,2,91,6,0,0,4,0,4,8,0,3,1,33,5,0,1,0,24,4,1,0,0,0,25,1,3,1,9,2,6,1,4,0,38,1,4,1,0,0,0,1,17,0,51,22,0,2,0,0,0,5,2,9,1,6,1,86,19,20,3,23,2,29,3,0,0,0,0,85,26,18,0,14,3,0,1,2,0,0,16,4,0,2,1,0,4,1
11/2/2020,16,1,0,0,0,0,63,3,160,10,0,0,9,0,4,9,0,8,0,26,5,0,0,0,28,3,4,1,0,0,50,2,5,1,4,2,8,5,4,0,50,5,1,0,1,0,0,5,21,0,114,60,0,4,2,0,0,5,3,15,3,9,0,108,10,49,5,37,5,33,2,0,0,0,0,108,14,22,8,17,1,0,2,0,0,0,19,6,0,14,1,0,5,0
11/3/2020,11,0,0,0,0,0,54,6,163,8,0,0,3,0,7,9,2,7,3,30,2,0,1,6,53,2,2,1,0,0,70,2,0,1,16,1,5,1,4,1,66,5,3,1,0,0,0,3,17,4,119,46,0,4,1,1,0,2,5,18,2,0,1,87,7,25,6,40,11,35,5,0,0,0,0,109,18,28,6,9,1,0,0,1,0,0,22,3,0,10,2,0,6,0
11/4/2020,6,1,0,0,0,0,45,2,125,4,0,0,2,0,5,6,0,9,1,35,6,0,1,1,48,2,7,1,0,0,48,3,2,2,12,3,7,2,3,0,54,2,4,0,3,0,0,3,24,3,118,24,1,6,1,0,0,12,2,15,1,8,0,124,11,39,6,33,10,48,1,0,0,0,0,113,16,23,1,15,2,0,1,0,0,0,20,3,0,7,1,0,3,1
11/5/2020,8,5,0,0,1,0,39,1,102,8,0,0,3,0,7,8,1,14,2,40,1,0,2,-2,36,5,0,0,0,0,67,2,3,0,12,1,8,0,3,1,78,1,0,0,0,0,0,3,26,4,115,13,0,7,0,0,0,8,5,13,2,2,3,91,12,31,8,33,9,52,3,0,0,0,0,92,26,30,4,15,0,0,0,0,0,0,26,6,0,6,2,0,3,1
11/6/2020,11,2,0,0,1,0,45,2,108,8,0,0,5,0,3,10,2,10,1,34,5,0,2,49,42,5,2,0,0,0,44,1,1,0,11,2,6,0,2,1,61,4,9,0,2,0,0,7,18,2,119,18,0,4,0,0,0,13,4,18,2,3,3,102,9,44,4,38,6,38,4,0,0,0,0,122,24,23,6,15,1,0,2,0,0,0,11,2,0,3,0,0,2,0
11/7/2020,12,0,0,0,0,0,44,1,106,12,0,0,0,0,5,9,0,14,3,46,2,0,0,0,40,11,4,0,1,0,26,1,1,0,9,4,5,0,3,0,33,4,4,0,0,0,0,0,20,4,83,26,0,3,0,0,0,5,0,15,1,1,3,84,15,27,5,36,8,48,8,0,0,0,0,90,26,16,6,75,2,0,2,0,0,0,14,2,0,4,0,0,2,0
11/8/2020,5,1,0,0,2,0,47,2,85,5,0,0,0,0,3,5,2,5,2,14,1,0,1,-3,23,2,2,0,0,0,33,1,1,1,5,4,3,0,2,0,30,5,8,0,3,0,0,1,9,1,74,25,0,3,0,0,0,7,4,18,5,4,0,74,11,26,5,24,3,36,8,0,0,0,0,72,28,25,0,13,1,0,2,0,0,0,17,3,0,3,3,0,3,1
11/9/2020,14,2,0,0,1,0,50,5,129,12,0,0,3,0,6,10,3,16,2,40,5,0,0,-3,33,1,7,0,0,0,50,2,2,0,9,1,6,0,2,1,57,5,4,0,1,0,0,1,27,3,105,15,0,5,3,0,0,10,3,18,0,4,0,87,15,28,7,41,7,60,9,0,0,0,0,115,28,34,4,18,4,0,4,1,0,0,17,3,0,2,0,0,9,0
11/10/2020,13,1,0,0,4,0,50,0,136,11,0,0,7,0,2,7,5,11,1,18,13,0,0,18,56,11,1,0,0,0,49,0,1,0,6,1,4,0,2,1,54,0,5,1,0,0,0,2,19,9,99,28,1,4,1,1,0,4,4,13,2,3,0,97,10,35,10,39,9,44,7,0,0,0,0,105,38,22,4,10,0,0,0,0,0,0,20,8,0,5,1,0,5,0
11/11/2020,30,1,0,0,2,0,76,0,125,7,0,0,6,0,4,10,3,10,2,37,10,0,1,0,38,6,3,0,3,0,51,5,3,0,12,4,4,0,6,2,62,7,4,3,2,0,0,4,31,3,128,11,0,7,5,0,0,9,10,17,2,7,1,119,16,37,4,57,3,63,2,0,0,0,0,131,26,32,1,23,3,0,0,2,0,0,31,7,0,4,0,0,6,0
11/12/2020,11,8,0,0,3,0,40,5,125,20,0,0,4,0,5,5,1,18,3,38,11,0,1,-1,50,6,3,0,0,0,44,3,0,0,13,3,4,0,4,0,49,1,3,1,0,0,0,3,31,7,144,52,0,10,3,0,0,8,16,15,2,5,0,124,21,39,13,35,5,43,12,0,0,0,0,149,26,35,6,14,2,0,0,0,0,0,26,8,0,6,0,0,4,6
